"fecha","Genero","Edad","facultad","AlumnoCapacitado","AulaVirtualUtil","DocentesCapacitados","usoAulaVirtual","frecuencia_conexion","LugarDeconexion","DispositivoUsado","TipoDeConexion"
"4/9/2020 2:05:14","","","FACULTAD DE CIENCIAS DE LA SALUD","","","","Casi Nunca","A veces","CASA","Celular",""
"4/9/2020 7:00:50","Hombre","23","FACULTAD DE CIENCIAS AGROPECUARIAS","No","No","No","Casi Nunca","A veces","CABINA DE INTERNET","",""
"4/9/2020 7:09:27","Hombre","","FACULTAD DE EDUCACION, COMUNICACION Y HUMANIDADES","No","No","No","Casi Nunca","Nunca","WIFI_UNJBG","",""
"4/9/2020 7:18:11","Mujer","20","FACULTAD DE CIENCIAS AGROPECUARIAS","Sí","No","No","Aveces","A veces","CABINA DE INTERNET","",""
"4/9/2020 7:32:33","Hombre","23","FACULTAD DE CIENCIAS AGROPECUARIAS","Sí","Sí","Sí","Casi Siempre","Casi siempre","CASA","Computadora",""
"4/9/2020 7:34:06","Mujer","21","FACULTAD DE INGENIERIA","No","Sí","No","Casi Nunca","Casi nunca","CASA","Laptop",""
"4/9/2020 7:39:40","Mujer","18","FACULTAD DE CIENCIAS AGROPECUARIAS","Sí","No","No","Aveces","A veces","CASA","Celular",""
"4/9/2020 7:50:16","Mujer","22","FACULTAD DE CIENCIAS DE LA SALUD","Sí","Sí","Sí","Aveces","Casi siempre","CASA","Laptop",""
"4/9/2020 7:53:33","Mujer","19","FACULTAD DE CIENCIAS AGROPECUARIAS","Sí","Sí","No","Casi Siempre","Casi siempre","CASA","Laptop",""
"4/9/2020 7:54:38","Hombre","21","FACULTAD DE CIENCIAS AGROPECUARIAS","No","No","Sí","Casi Nunca","Casi nunca","CABINA DE INTERNET","",""
"4/9/2020 7:56:40","Mujer","22","FACULTAD DE CIENCIAS AGROPECUARIAS","Sí","Sí","No","Casi Nunca","A veces","CASA","Computadora",""
"4/9/2020 7:58:40","Hombre","21","FACULTAD DE CIENCIAS AGROPECUARIAS","Sí","No","No","Aveces","A veces","CASA","Computadora",""
"4/9/2020 8:02:56","Hombre","20","FACULTAD DE INGENIERIA","No","No","No","Aveces","Nunca","CABINA DE INTERNET","",""
"4/9/2020 8:14:20","Hombre","21","FACULTAD DE CIENCIAS AGROPECUARIAS","No","No","No","Casi Nunca","Casi nunca","CABINA DE INTERNET","",""
"4/9/2020 9:20:26","Hombre","22","FACULTAD DE CIENCIAS AGROPECUARIAS","No","No","Sí","Aveces","A veces","CASA","Computadora",""
"4/9/2020 9:22:59","Hombre","21","FACULTAD DE EDUCACION, COMUNICACION Y HUMANIDADES","No","No","No","Casi Siempre","Casi nunca","WIFI_UNJBG","",""
"4/9/2020 9:33:57","Hombre","40","FACULTAD DE CIENCIAS AGROPECUARIAS","Sí","Sí","Sí","Aveces","Casi siempre","CASA","Laptop",""
"4/9/2020 9:38:39","Mujer","21","FACULTAD DE CIENCIAS AGROPECUARIAS","No","Sí","No","Aveces","A veces","WIFI_UNJBG","",""
"4/9/2020 9:41:13","Hombre","23","FACULTAD DE EDUCACION, COMUNICACION Y HUMANIDADES","No","No","No","Casi Nunca","Nunca","CABINA DE INTERNET","",""
"4/9/2020 9:41:41","Mujer","28","FACULTAD DE EDUCACION, COMUNICACION Y HUMANIDADES","No","No","No","Casi Nunca","A veces","CASA","Celular",""
"4/9/2020 9:42:27","Mujer","26","FACULTAD DE EDUCACION, COMUNICACION Y HUMANIDADES","No","No","No","Aveces","A veces","CASA","Celular",""
"4/9/2020 9:43:29","Mujer","24","FACULTAD DE CIENCIAS AGROPECUARIAS","No","Sí","No","Aveces","A veces","CASA","Laptop",""
"4/9/2020 9:43:51","Hombre","17","FACULTAD DE CIENCIAS JURÍDICAS Y EMPRESARIALES","No","No","No","Aveces","Casi nunca","CABINA DE INTERNET","",""
"4/9/2020 9:50:40","Mujer","18","FACULTAD DE INGENIERÍA CIVIL, ARQUITECTURA Y GEOTECNIA","No","No","No","Aveces","Casi nunca","CASA","Computadora",""
"4/9/2020 9:52:37","Mujer","25","FACULTAD DE EDUCACION, COMUNICACION Y HUMANIDADES","No","No","No","Aveces","A veces","CASA","Celular",""
"4/9/2020 9:54:11","Mujer","21","FACULTAD DE EDUCACION, COMUNICACION Y HUMANIDADES","No","No","No","Casi Nunca","Nunca","CABINA DE INTERNET","",""
"4/9/2020 9:54:13","Hombre","22","FACULTAD DE CIENCIAS JURÍDICAS Y EMPRESARIALES","No","No","No","Casi Nunca","Casi nunca","CASA","Laptop",""
"4/9/2020 9:56:18","Mujer","18","FACULTAD DE CIENCIAS JURÍDICAS Y EMPRESARIALES","No","No","No","Aveces","Nunca","CASA","Laptop",""
"4/9/2020 9:59:02","Mujer","18","FACULTAD DE EDUCACION, COMUNICACION Y HUMANIDADES","Sí","No","No","Aveces","A veces","CASA","Laptop",""
"4/9/2020 10:06:05","Hombre","20","FACULTAD DE CIENCIAS AGROPECUARIAS","No","No","Sí","Aveces","Casi siempre","CASA","Celular",""
"4/9/2020 10:16:10","Hombre","17","FACULTAD DE EDUCACION, COMUNICACION Y HUMANIDADES","No","No","No","Casi Nunca","Nunca","CASA","Laptop",""
"4/9/2020 10:19:09","Mujer","20","FACULTAD DE CIENCIAS AGROPECUARIAS","No","Sí","No","Aveces","A veces","CASA","Celular",""
"4/9/2020 10:21:48","Mujer","18","FACULTAD DE EDUCACION, COMUNICACION Y HUMANIDADES","No","No","No","Casi Nunca","Casi nunca","CASA","Celular",""
"4/9/2020 10:22:17","Mujer","21","FACULTAD DE EDUCACION, COMUNICACION Y HUMANIDADES","No","No","No","Aveces","A veces","CASA","Laptop",""
"4/9/2020 10:22:28","Mujer","21","FACULTAD DE EDUCACION, COMUNICACION Y HUMANIDADES","No","No","No","Aveces","A veces","CASA","Laptop",""
"4/9/2020 10:23:23","Mujer","21","FACULTAD DE CIENCIAS DE LA SALUD","No","No","No","Aveces","Nunca","CASA","Celular",""
"4/9/2020 10:23:37","Hombre","25","FACULTAD DE CIENCIAS DE LA SALUD","No","No","No","Casi Nunca","Nunca","CASA","Computadora",""
"4/9/2020 10:23:51","Mujer","24","FACULTAD DE CIENCIAS DE LA SALUD","No","No","No","Casi Nunca","Casi nunca","CASA","Computadora",""
"4/9/2020 10:27:47","Mujer","22","FACULTAD DE CIENCIAS DE LA SALUD","No","No","No","Casi Nunca","Nunca","CASA","Laptop",""
"4/9/2020 10:29:19","Mujer","24","FACULTAD DE CIENCIAS DE LA SALUD","No","No","No","Casi Nunca","Nunca","WIFI_UNJBG","",""
"4/9/2020 10:29:56","Mujer","22","FACULTAD DE CIENCIAS DE LA SALUD","Sí","Sí","No","Aveces","A veces","CASA","Laptop",""
"4/9/2020 10:30:09","Hombre","23","FACULTAD DE CIENCIAS DE LA SALUD","No","No","No","Casi Nunca","Casi nunca","WIFI_UNJBG","",""
"4/9/2020 10:31:01","Hombre","23","FACULTAD DE CIENCIAS DE LA SALUD","No","No","No","Casi Nunca","Nunca","WIFI_UNJBG","",""
"4/9/2020 10:31:23","Hombre","18","FACULTAD DE EDUCACION, COMUNICACION Y HUMANIDADES","Sí","No","No","Aveces","A veces","CASA","Celular",""
"4/9/2020 10:31:24","Hombre","21","FACULTAD DE CIENCIAS DE LA SALUD","No","No","No","Casi Nunca","Casi nunca","CASA","Computadora",""
"4/9/2020 10:31:30","Hombre","18","FACULTAD DE EDUCACION, COMUNICACION Y HUMANIDADES","Sí","No","No","Aveces","A veces","CASA","Celular",""
"4/9/2020 10:33:28","Hombre","23","FACULTAD DE CIENCIAS DE LA SALUD","No","No","No","Casi Nunca","Nunca","WIFI_UNJBG","",""
"4/9/2020 10:34:57","Hombre","22","FACULTAD DE INGENIERIA","Sí","No","No","Aveces","Casi nunca","CASA","Celular",""
"4/9/2020 10:42:53","Hombre","24","FACULTAD DE INGENIERIA","No","No","No","Casi Nunca","Nunca","CASA","Laptop",""
"4/9/2020 10:46:11","Hombre","18","FACULTAD DE EDUCACION, COMUNICACION Y HUMANIDADES","No","Sí","No","Aveces","A veces","CABINA DE INTERNET","",""
"4/9/2020 10:46:53","Mujer","21","FACULTAD DE CIENCIAS DE LA SALUD","No","No","No","Aveces","Nunca","WIFI_UNJBG","",""
"4/9/2020 10:47:43","Hombre","22","FACULTAD DE EDUCACION, COMUNICACION Y HUMANIDADES","Sí","Sí","Sí","Casi Nunca","Casi nunca","CASA","Laptop",""
"4/9/2020 10:47:55","Mujer","24","FACULTAD DE CIENCIAS DE LA SALUD","No","No","No","Casi Nunca","Nunca","WIFI_UNJBG","",""
"4/9/2020 10:53:43","Hombre","20","FACULTAD DE CIENCIAS DE LA SALUD","No","Sí","Sí","Aveces","A veces","CASA","Celular","Limitada"
"4/9/2020 10:59:21","Hombre","20","FACULTAD DE CIENCIAS DE LA SALUD","No","No","No","Aveces","Nunca","CASA","Laptop","Limitada"
"4/9/2020 11:00:23","Mujer","24","FACULTAD DE CIENCIAS DE LA SALUD","No","No","No","Casi Nunca","Nunca","CABINA DE INTERNET","",""
"4/9/2020 11:00:51","Hombre","21","FACULTAD DE EDUCACION, COMUNICACION Y HUMANIDADES","No","No","No","Casi Nunca","Casi nunca","CASA","Celular","Limitada"
"4/9/2020 11:04:00","Mujer","20","FACULTAD DE CIENCIAS DE LA SALUD","No","Sí","No","Aveces","A veces","CASA","Computadora","Limitada"
"4/9/2020 11:08:14","Mujer","23","FACULTAD DE CIENCIAS AGROPECUARIAS","Sí","Sí","Sí","Casi Siempre","Casi siempre","CASA","Celular","Limitada"
"4/9/2020 11:09:13","Mujer","22","FACULTAD DE CIENCIAS DE LA SALUD","No","No","No","Casi Nunca","A veces","CASA","Laptop","Limitada"
"4/9/2020 11:24:12","Mujer","26","FACULTAD DE CIENCIAS DE LA SALUD","No","No","No","Casi Nunca","Nunca","CASA","Celular","Limitada"
"4/9/2020 11:24:59","Mujer","19","FACULTAD DE EDUCACION, COMUNICACION Y HUMANIDADES","No","Sí","No","Aveces","Casi nunca","CASA","Laptop","Ilimitada"
"4/9/2020 11:27:29","Hombre","17","FACULTAD DE CIENCIAS JURÍDICAS Y EMPRESARIALES","No","Sí","Sí","Casi Nunca","Nunca","CASA","Laptop","Ilimitada"
"4/9/2020 11:31:03","Mujer","20","FACULTAD DE CIENCIAS JURÍDICAS Y EMPRESARIALES","Sí","No","Sí","Aveces","A veces","CASA","Celular","Ilimitada"
"4/9/2020 11:33:09","Mujer","26","FACULTAD DE CIENCIAS AGROPECUARIAS","Sí","No","No","Casi Nunca","A veces","CASA","Computadora","Ilimitada"
"4/9/2020 11:33:28","Hombre","18","FACULTAD DE EDUCACION, COMUNICACION Y HUMANIDADES","No","No","No","Aveces","A veces","CASA","Celular","Limitada"
"4/9/2020 11:35:10","Hombre","18","FACULTAD DE CIENCIAS AGROPECUARIAS","No","No","No","Casi Nunca","Casi nunca","CASA","Laptop","Ilimitada"
"4/9/2020 11:35:40","Mujer","19","FACULTAD DE CIENCIAS AGROPECUARIAS","No","No","No","Aveces","Casi nunca","CASA","Computadora","Ilimitada"
"4/9/2020 11:36:58","Mujer","20","FACULTAD DE CIENCIAS DE LA SALUD","No","Sí","Sí","Aveces","Casi nunca","CASA","Celular","Ilimitada"
"4/9/2020 11:40:13","Mujer","21","FACULTAD DE CIENCIAS DE LA SALUD","No","No","No","Casi Nunca","Nunca","CASA","Laptop","Ilimitada"
"4/9/2020 11:50:49","Mujer","18","FACULTAD DE CIENCIAS AGROPECUARIAS","No","No","No","Casi Nunca","A veces","CASA","Computadora y celular","Limitada"
"4/9/2020 11:59:45","Mujer","23","FACULTAD DE CIENCIAS DE LA SALUD","No","No","No","Casi Nunca","Casi nunca","CABINA DE INTERNET","",""
"4/9/2020 12:17:16","Mujer","18","FACULTAD DE EDUCACION, COMUNICACION Y HUMANIDADES","No","No","No","Casi Nunca","A veces","CASA","Celular","Limitada"
"4/9/2020 12:20:38","Mujer","20","FACULTAD DE CIENCIAS AGROPECUARIAS","No","No","No","Casi Nunca","Casi nunca","CASA","Celular","Ilimitada"
"4/9/2020 12:25:48","Mujer","24","FACULTAD DE EDUCACION, COMUNICACION Y HUMANIDADES","No","No","No","Casi Nunca","Casi nunca","CASA","Laptop","Limitada"
"4/9/2020 12:35:34","Mujer","22","FACULTAD DE CIENCIAS DE LA SALUD","No","No","No","Casi Nunca","Nunca","CASA","Celular","Limitada"
"4/9/2020 12:45:43","Hombre","18","FACULTAD DE CIENCIAS AGROPECUARIAS","No","No","No","Casi Nunca","A veces","CASA","Celular","Limitada"
"4/9/2020 12:54:09","Hombre","20","FACULTAD DE EDUCACION, COMUNICACION Y HUMANIDADES","No","No","No","Aveces","Nunca","WIFI_UNJBG","",""
"4/9/2020 12:54:21","Hombre","20","FACULTAD DE EDUCACION, COMUNICACION Y HUMANIDADES","No","No","No","Aveces","Nunca","WIFI_UNJBG","",""
"4/9/2020 12:55:39","Hombre","18","FACULTAD DE CIENCIAS DE LA SALUD","No","No","No","Aveces","Casi nunca","CASA","Celular","Limitada"
"4/9/2020 13:05:12","Mujer","23","FACULTAD DE CIENCIAS DE LA SALUD","No","No","No","Casi Nunca","Casi nunca","CASA","Celular","Limitada"
"4/9/2020 13:07:23","Mujer","19","FACULTAD DE CIENCIAS DE LA SALUD","No","No","Sí","Casi Nunca","Casi nunca","CABINA DE INTERNET","",""
"4/9/2020 13:07:45","Mujer","19","FACULTAD DE CIENCIAS DE LA SALUD","Sí","No","No","Aveces","A veces","CASA","Celular","Limitada"
"4/9/2020 13:09:37","Mujer","20","FACULTAD DE CIENCIAS DE LA SALUD","No","No","No","Aveces","A veces","CASA","Laptop","Limitada"
"4/9/2020 13:12:07","Mujer","18","FACULTAD DE CIENCIAS DE LA SALUD","Sí","Sí","Sí","Aveces","A veces","CASA","Celular","Limitada"
"4/9/2020 13:13:58","Hombre","21","FACULTAD DE CIENCIAS DE LA SALUD","Sí","Sí","No","Casi Nunca","A veces","CASA","Computadora","Ilimitada"
"4/9/2020 13:14:58","Mujer","19","FACULTAD DE CIENCIAS DE LA SALUD","No","No","No","Aveces","Casi nunca","CABINA DE INTERNET","",""
"4/9/2020 13:18:16","Mujer","20","FACULTAD DE CIENCIAS DE LA SALUD","No","No","No","Casi Nunca","A veces","CABINA DE INTERNET","",""
"4/9/2020 13:19:20","Mujer","21","FACULTAD DE CIENCIAS DE LA SALUD","No","No","No","Casi Nunca","Nunca","CASA","Celular","Limitada"
"4/9/2020 13:22:03","Mujer","24","FACULTAD DE CIENCIAS DE LA SALUD","Sí","No","Sí","Casi Nunca","Casi nunca","WIFI_UNJBG","",""
"4/9/2020 13:22:34","Mujer","18","FACULTAD DE CIENCIAS DE LA SALUD","No","No","No","Casi Nunca","Casi nunca","CASA","Computadora","Limitada"
"4/9/2020 13:25:11","Mujer","19","FACULTAD DE CIENCIAS DE LA SALUD","Sí","Sí","Sí","Casi Nunca","A veces","CASA","Celular","Limitada"
"4/9/2020 13:27:27","Hombre","22","FACULTAD DE CIENCIAS DE LA SALUD","No","No","No","Aveces","Casi nunca","WIFI_UNJBG","",""
"4/9/2020 13:33:03","Mujer","22","FACULTAD DE CIENCIAS DE LA SALUD","No","No","No","Aveces","A veces","CASA","Celular","Ilimitada"
"4/9/2020 13:40:31","Mujer","19","FACULTAD DE CIENCIAS DE LA SALUD","No","No","No","Casi Nunca","Casi nunca","CASA","Computadora","Limitada"
"4/9/2020 13:40:38","Mujer","19","FACULTAD DE CIENCIAS DE LA SALUD","No","No","No","Casi Nunca","Casi nunca","CASA","Computadora","Limitada"
"4/9/2020 13:43:03","Mujer","27","FACULTAD DE CIENCIAS DE LA SALUD","No","No","No","Casi Nunca","Nunca","WIFI_UNJBG","",""
"4/9/2020 13:47:06","Mujer","19","FACULTAD DE CIENCIAS DE LA SALUD","No","No","No","Casi Nunca","Nunca","CASA","Celular","Limitada"
"4/9/2020 13:59:57","Mujer","20","FACULTAD DE CIENCIAS DE LA SALUD","Sí","Sí","No","Casi Nunca","Casi nunca","CASA","Computadora","Limitada"
"4/9/2020 14:08:39","Hombre","25","FACULTAD DE CIENCIAS AGROPECUARIAS","No","No","No","Casi Nunca","Casi nunca","CASA","Celular","Limitada"
"4/9/2020 14:11:59","Mujer","20","FACULTAD DE EDUCACION, COMUNICACION Y HUMANIDADES","No","Sí","No","Casi Nunca","Casi nunca","CASA","Laptop","Ilimitada"
"4/9/2020 14:15:52","Hombre","19","FACULTAD DE INGENIERIA","Sí","Sí","No","Casi Nunca","A veces","CASA","Celular","Limitada"
"4/9/2020 14:29:39","Mujer","28","FACULTAD DE CIENCIAS DE LA SALUD","No","Sí","No","Casi Nunca","A veces","WIFI_UNJBG","",""
"4/9/2020 14:36:21","Mujer","23","FACULTAD DE CIENCIAS DE LA SALUD","No","No","No","Casi Nunca","Casi nunca","CABINA DE INTERNET","",""
"4/9/2020 14:45:19","Mujer","21","FACULTAD DE CIENCIAS DE LA SALUD","Sí","No","No","Casi Nunca","Casi nunca","CASA","Laptop","Ilimitada"
"4/9/2020 14:49:55","Mujer","21","FACULTAD DE CIENCIAS AGROPECUARIAS","Sí","Sí","Sí","Casi Siempre","A veces","CABINA DE INTERNET","",""
"4/9/2020 14:50:18","Mujer","20","FACULTAD DE EDUCACION, COMUNICACION Y HUMANIDADES","No","Sí","No","Casi Nunca","Casi nunca","CASA","Celular","Limitada"
"4/9/2020 15:04:36","Hombre","20","FACULTAD DE CIENCIAS DE LA SALUD","No","No","No","Casi Nunca","Nunca","WIFI_UNJBG","",""
"4/9/2020 15:13:18","Mujer","22","FACULTAD DE EDUCACION, COMUNICACION Y HUMANIDADES","No","No","No","Casi Nunca","Nunca","CABINA DE INTERNET","",""
"4/9/2020 15:26:14","Mujer","19","FACULTAD DE CIENCIAS DE LA SALUD","Sí","Sí","Sí","Aveces","A veces","CASA","Laptop","Ilimitada"
"4/9/2020 15:27:53","Hombre","18","FACULTAD DE CIENCIAS DE LA SALUD","No","No","No","Aveces","Casi nunca","CASA","Celular","Limitada"
"4/9/2020 15:37:09","Hombre","21","FACULTAD DE CIENCIAS AGROPECUARIAS","No","No","No","Casi Nunca","Casi nunca","WIFI_UNJBG","",""
"4/9/2020 15:40:11","Mujer","19","FACULTAD DE CIENCIAS AGROPECUARIAS","No","No","No","Casi Nunca","Nunca","CABINA DE INTERNET","",""
"4/9/2020 15:50:20","Mujer","23","FACULTAD DE CIENCIAS DE LA SALUD","No","No","No","Casi Nunca","Casi nunca","CABINA DE INTERNET","",""
"4/9/2020 15:53:21","Mujer","20","FACULTAD DE CIENCIAS DE LA SALUD","No","Sí","No","Aveces","A veces","CASA","Celular","Ilimitada"
"4/9/2020 15:55:11","Mujer","19","FACULTAD DE CIENCIAS DE LA SALUD","No","No","No","Aveces","Casi nunca","CASA","Celular","Ilimitada"
"4/9/2020 15:58:04","Mujer","19","FACULTAD DE CIENCIAS DE LA SALUD","Sí","No","No","Aveces","A veces","CASA","Celular","Limitada"
"4/9/2020 15:59:15","Hombre","21","FACULTAD DE CIENCIAS DE LA SALUD","No","No","No","Casi Nunca","Casi nunca","CASA","Laptop","Limitada"
"4/9/2020 15:59:25","Hombre","23","FACULTAD DE EDUCACION, COMUNICACION Y HUMANIDADES","No","No","No","Casi Nunca","Nunca","CABINA DE INTERNET","",""
"4/9/2020 16:03:20","Hombre","22","FACULTAD DE CIENCIAS AGROPECUARIAS","No","No","No","Casi Nunca","Nunca","CABINA DE INTERNET","",""
"4/9/2020 16:03:22","Mujer","23","FACULTAD DE CIENCIAS DE LA SALUD","No","No","No","Casi Nunca","Nunca","CASA","Laptop","Limitada"
"4/9/2020 16:06:43","Hombre","18","FACULTAD DE CIENCIAS DE LA SALUD","No","Sí","No","Casi Nunca","A veces","CASA","Computadora","Ilimitada"
"4/9/2020 16:08:00","Hombre","18","FACULTAD DE CIENCIAS DE LA SALUD","No","No","No","Casi Nunca","Nunca","CASA","Laptop","Ilimitada"
"4/9/2020 16:12:16","Hombre","19","FACULTAD DE CIENCIAS AGROPECUARIAS","No","No","No","Aveces","Casi nunca","CABINA DE INTERNET","",""
"4/9/2020 16:14:11","Mujer","22","FACULTAD DE CIENCIAS DE LA SALUD","No","No","No","Aveces","Casi nunca","CABINA DE INTERNET","",""
"4/9/2020 16:16:21","Mujer","21","FACULTAD DE CIENCIAS DE LA SALUD","No","No","No","Casi Nunca","Nunca","CASA","Computadora","Ilimitada"
"4/9/2020 16:17:01","Mujer","24","FACULTAD DE CIENCIAS DE LA SALUD","No","Sí","No","Aveces","A veces","CASA","Laptop","Ilimitada"
"4/9/2020 16:18:57","Mujer","21","FACULTAD DE CIENCIAS DE LA SALUD","No","No","No","Casi Nunca","Nunca","CASA","Computadora","Ilimitada"
"4/9/2020 16:19:52","Mujer","21","FACULTAD DE CIENCIAS DE LA SALUD","No","No","No","Aveces","A veces","CABINA DE INTERNET","",""
"4/9/2020 16:23:40","Mujer","22","FACULTAD DE CIENCIAS DE LA SALUD","No","No","No","Casi Nunca","Nunca","CASA","Computadora","Limitada"
"4/9/2020 16:23:43","Mujer","22","FACULTAD DE CIENCIAS DE LA SALUD","No","No","No","Casi Nunca","Nunca","CASA","Laptop","Limitada"
"4/9/2020 16:29:15","Mujer","24","FACULTAD DE CIENCIAS DE LA SALUD","No","No","No","Casi Nunca","Casi nunca","CASA","Computadora","Ilimitada"
"4/9/2020 16:32:02","Hombre","19","FACULTAD DE CIENCIAS AGROPECUARIAS","No","No","No","Casi Nunca","Nunca","CASA","Computadora","Ilimitada"
"4/9/2020 16:34:45","Hombre","23","FACULTAD DE CIENCIAS DE LA SALUD","No","No","No","Casi Nunca","Casi nunca","WIFI_UNJBG","",""
"4/9/2020 16:38:33","Hombre","20","FACULTAD DE EDUCACION, COMUNICACION Y HUMANIDADES","No","No","No","Casi Nunca","Nunca","WIFI_UNJBG","",""
"4/9/2020 16:41:40","Mujer","25","FACULTAD DE EDUCACION, COMUNICACION Y HUMANIDADES","No","No","No","Casi Nunca","Nunca","CASA","Laptop","Limitada"
"4/9/2020 16:47:14","Mujer","25","FACULTAD DE CIENCIAS DE LA SALUD","No","Sí","No","Casi Nunca","Casi nunca","CABINA DE INTERNET","",""
"4/9/2020 16:47:39","Mujer","24","FACULTAD DE CIENCIAS DE LA SALUD","No","No","No","Casi Nunca","Nunca","CASA","Celular","Limitada"
"4/9/2020 16:58:13","Hombre","18","FACULTAD DE CIENCIAS DE LA SALUD","No","No","No","Aveces","Casi nunca","CASA","Laptop","Ilimitada"
"4/9/2020 17:02:38","Mujer","28","FACULTAD DE CIENCIAS DE LA SALUD","Sí","Sí","Sí","Casi Nunca","Casi nunca","CASA","Laptop","Ilimitada"
"4/9/2020 17:06:30","Mujer","18","FACULTAD DE CIENCIAS DE LA SALUD","No","No","No","Casi Nunca","Nunca","CASA","Celular","Ilimitada"
"4/9/2020 17:14:39","Mujer","20","FACULTAD DE CIENCIAS DE LA SALUD","Sí","Sí","Sí","Aveces","A veces","CASA","Computadora","Limitada"
"4/9/2020 17:16:45","Mujer","20","FACULTAD DE EDUCACION, COMUNICACION Y HUMANIDADES","No","Sí","Sí","Casi Nunca","Nunca","CASA","Laptop","Limitada"
"4/9/2020 17:19:34","Mujer","22","FACULTAD DE EDUCACION, COMUNICACION Y HUMANIDADES","No","No","No","Casi Nunca","Casi nunca","CABINA DE INTERNET","",""
"4/9/2020 17:24:32","Hombre","26","FACULTAD DE EDUCACION, COMUNICACION Y HUMANIDADES","No","No","No","Casi Nunca","Nunca","CABINA DE INTERNET","",""
"4/9/2020 17:27:02","Hombre","25","FACULTAD DE CIENCIAS DE LA SALUD","No","Sí","No","Casi Nunca","Nunca","CASA","Laptop","Limitada"
"4/9/2020 17:28:02","Mujer","19","FACULTAD DE EDUCACION, COMUNICACION Y HUMANIDADES","No","No","No","Casi Nunca","Nunca","WIFI_UNJBG","",""
"4/9/2020 17:28:06","Mujer","19","FACULTAD DE EDUCACION, COMUNICACION Y HUMANIDADES","No","No","No","Casi Nunca","Nunca","WIFI_UNJBG","",""
"4/9/2020 17:30:24","Hombre","18","FACULTAD DE EDUCACION, COMUNICACION Y HUMANIDADES","No","No","No","Aveces","A veces","WIFI_UNJBG","",""
"4/9/2020 17:39:25","Hombre","24","FACULTAD DE CIENCIAS JURÍDICAS Y EMPRESARIALES","No","No","No","Aveces","A veces","WIFI_UNJBG","",""
"4/9/2020 17:40:45","Mujer","18","FACULTAD DE CIENCIAS DE LA SALUD","Sí","Sí","No","Aveces","A veces","WIFI_UNJBG","",""
"4/9/2020 17:48:41","Mujer","20","FACULTAD DE CIENCIAS DE LA SALUD","No","No","No","Casi Nunca","Casi nunca","CASA","Laptop","Limitada"
"4/9/2020 17:58:52","Hombre","22","FACULTAD DE EDUCACION, COMUNICACION Y HUMANIDADES","No","No","No","Casi Nunca","Nunca","CABINA DE INTERNET","",""
"4/9/2020 18:03:16","Hombre","17","FACULTAD DE CIENCIAS JURÍDICAS Y EMPRESARIALES","No","No","No","Casi Nunca","Nunca","CABINA DE INTERNET","",""
"4/9/2020 18:03:21","Mujer","19","FACULTAD DE EDUCACION, COMUNICACION Y HUMANIDADES","No","No","No","Casi Nunca","Nunca","CASA","Computadora","Limitada"
"4/9/2020 18:11:01","Hombre","19","FACULTAD DE CIENCIAS AGROPECUARIAS","No","No","Sí","Aveces","A veces","WIFI_UNJBG","",""
"4/9/2020 18:11:15","Mujer","26","FACULTAD DE CIENCIAS DE LA SALUD","Sí","Sí","Sí","Aveces","Casi nunca","CASA","Computadora","Ilimitada"
"4/9/2020 18:17:05","Mujer","20","FACULTAD DE CIENCIAS DE LA SALUD","No","No","No","Casi Nunca","Nunca","CASA","Laptop","Limitada"
"4/9/2020 18:23:18","Mujer","18","FACULTAD DE CIENCIAS JURÍDICAS Y EMPRESARIALES","Sí","No","Sí","Aveces","A veces","CASA","Laptop","Ilimitada"
"4/9/2020 18:26:19","Hombre","27","FACULTAD DE CIENCIAS DE LA SALUD","No","Sí","No","Casi Nunca","Nunca","CASA","Computadora","Ilimitada"
"4/9/2020 18:29:15","Hombre","17","FACULTAD DE EDUCACION, COMUNICACION Y HUMANIDADES","No","No","No","Aveces","A veces","CASA","Celular","Limitada"
"4/9/2020 18:30:22","Mujer","23","FACULTAD DE EDUCACION, COMUNICACION Y HUMANIDADES","No","No","No","Casi Nunca","Nunca","WIFI_UNJBG","",""
"4/9/2020 18:40:42","Hombre","21","FACULTAD DE CIENCIAS DE LA SALUD","No","No","No","Aveces","A veces","CASA","Computadora","Ilimitada"
"4/9/2020 18:44:33","Hombre","21","FACULTAD DE CIENCIAS","No","No","No","Casi Nunca","Casi nunca","WIFI_UNJBG","",""
"4/9/2020 18:48:52","Mujer","22","FACULTAD DE CIENCIAS DE LA SALUD","No","Sí","Sí","Aveces","Casi nunca","WIFI_UNJBG","",""
"4/9/2020 18:49:03","Hombre","23","FACULTAD DE CIENCIAS DE LA SALUD","No","No","No","Casi Nunca","Nunca","WIFI_UNJBG","",""
"4/9/2020 18:56:40","Mujer","22","FACULTAD DE EDUCACION, COMUNICACION Y HUMANIDADES","No","No","No","Casi Nunca","Casi nunca","CABINA DE INTERNET","",""
"4/9/2020 18:56:42","Hombre","27","FACULTAD DE INGENIERÍA CIVIL, ARQUITECTURA Y GEOTECNIA","No","No","No","Aveces","A veces","CABINA DE INTERNET","",""
"4/9/2020 19:00:05","Mujer","21","FACULTAD DE CIENCIAS","No","Sí","No","Casi Nunca","Casi nunca","CASA","Laptop","Ilimitada"
"4/9/2020 19:01:17","Hombre","19","FACULTAD DE INGENIERÍA CIVIL, ARQUITECTURA Y GEOTECNIA","No","No","No","Aveces","Casi nunca","CASA","Laptop","Limitada"
"4/9/2020 19:05:29","Mujer","19","FACULTAD DE EDUCACION, COMUNICACION Y HUMANIDADES","Sí","No","No","Casi Nunca","Casi nunca","WIFI_UNJBG","",""
"4/9/2020 19:13:42","Hombre","20","FACULTAD DE CIENCIAS DE LA SALUD","No","No","No","Casi Nunca","Casi nunca","CASA","Celular","Ilimitada"
"4/9/2020 19:23:55","Mujer","18","FACULTAD DE CIENCIAS AGROPECUARIAS","No","No","No","Casi Nunca","Nunca","CASA","Laptop","Limitada"
"4/9/2020 19:24:55","Hombre","20","FACULTAD DE EDUCACION, COMUNICACION Y HUMANIDADES","No","Sí","Sí","Aveces","A veces","CASA","Celular","Ilimitada"
"4/9/2020 19:37:27","Hombre","18","FACULTAD DE EDUCACION, COMUNICACION Y HUMANIDADES","No","No","No","Aveces","A veces","CASA","Celular","Limitada"
"4/9/2020 19:40:40","Hombre","23","FACULTAD DE CIENCIAS","No","No","No","Aveces","Nunca","CASA","Computadora","Ilimitada"
"4/9/2020 19:44:27","Mujer","21","FACULTAD DE EDUCACION, COMUNICACION Y HUMANIDADES","No","No","No","Casi Siempre","A veces","CASA","Laptop","Ilimitada"
"4/9/2020 19:44:29","Hombre","20","FACULTAD DE INGENIERÍA CIVIL, ARQUITECTURA Y GEOTECNIA","No","No","No","Casi Nunca","Nunca","CASA","Computadora","Ilimitada"
"4/9/2020 19:51:25","Hombre","19","FACULTAD DE EDUCACION, COMUNICACION Y HUMANIDADES","No","No","Sí","Casi Nunca","A veces","CASA","Celular","Ilimitada"
"4/9/2020 19:52:21","Hombre","23","FACULTAD DE INGENIERÍA CIVIL, ARQUITECTURA Y GEOTECNIA","No","No","No","Casi Nunca","Casi nunca","CASA","Laptop","Ilimitada"
"4/9/2020 19:53:02","Mujer","18","FACULTAD DE EDUCACION, COMUNICACION Y HUMANIDADES","No","No","No","Casi Nunca","Casi nunca","CASA","Celular","Limitada"
"4/9/2020 19:54:19","Hombre","22","FACULTAD DE EDUCACION, COMUNICACION Y HUMANIDADES","No","Sí","Sí","Aveces","A veces","CABINA DE INTERNET","",""
"4/9/2020 19:58:07","Mujer","20","FACULTAD DE EDUCACION, COMUNICACION Y HUMANIDADES","No","Sí","No","Casi Nunca","A veces","CABINA DE INTERNET","",""
"4/9/2020 19:58:30","Mujer","18","FACULTAD DE EDUCACION, COMUNICACION Y HUMANIDADES","No","Sí","No","Aveces","A veces","CASA","Computadora","Limitada"
"4/9/2020 19:58:51","Mujer","20","FACULTAD DE EDUCACION, COMUNICACION Y HUMANIDADES","No","No","Sí","Aveces","A veces","CASA","Laptop","Limitada"
"4/9/2020 19:59:51","Mujer","20","FACULTAD DE EDUCACION, COMUNICACION Y HUMANIDADES","No","No","No","Casi Nunca","A veces","CASA","Computadora","Limitada"
"4/9/2020 20:02:44","Hombre","21","FACULTAD DE INGENIERÍA CIVIL, ARQUITECTURA Y GEOTECNIA","No","No","No","Casi Nunca","Nunca","CASA","Laptop","Ilimitada"
"4/9/2020 20:04:26","Hombre","22","FACULTAD DE CIENCIAS DE LA SALUD","No","No","No","Casi Nunca","Nunca","WIFI_UNJBG","",""
"4/9/2020 20:04:52","Mujer","24","FACULTAD DE EDUCACION, COMUNICACION Y HUMANIDADES","No","Sí","Sí","Aveces","A veces","WIFI_UNJBG","",""
"4/9/2020 20:11:49","Mujer","20","FACULTAD DE CIENCIAS JURÍDICAS Y EMPRESARIALES","Sí","No","No","Aveces","Casi nunca","CASA","Celular","Limitada"
"4/9/2020 20:13:28","Hombre","19","FACULTAD DE CIENCIAS JURÍDICAS Y EMPRESARIALES","No","No","No","Aveces","A veces","WIFI_UNJBG","",""
"4/9/2020 20:14:42","Hombre","20","FACULTAD DE CIENCIAS DE LA SALUD","No","No","No","Casi Nunca","A veces","CASA","Computadora","Limitada"
"4/9/2020 20:15:08","Hombre","25","FACULTAD DE CIENCIAS DE LA SALUD","No","Sí","Sí","Aveces","Casi siempre","CASA","Celular","Ilimitada"
"4/9/2020 20:15:11","Mujer","19","FACULTAD DE CIENCIAS AGROPECUARIAS","No","Sí","Sí","Aveces","A veces","CASA","Computadora","Ilimitada"
"4/9/2020 20:17:11","Hombre","21","FACULTAD DE EDUCACION, COMUNICACION Y HUMANIDADES","Sí","No","No","Casi Nunca","Nunca","CASA","Radio ","Limitada"
"4/9/2020 20:19:27","Hombre","19","FACULTAD DE EDUCACION, COMUNICACION Y HUMANIDADES","No","No","No","Casi Nunca","A veces","CASA","Celular","Limitada"
"4/9/2020 20:32:08","Hombre","23","FACULTAD DE EDUCACION, COMUNICACION Y HUMANIDADES","Sí","No","No","Aveces","A veces","WIFI_UNJBG","",""
"4/9/2020 20:38:30","Hombre","27","FACULTAD DE INGENIERIA","No","No","No","Casi Nunca","Nunca","CASA","Celular","Ilimitada"
"4/9/2020 21:03:26","Hombre","19","FACULTAD DE CIENCIAS AGROPECUARIAS","No","Sí","No","Aveces","A veces","CASA","Laptop","Ilimitada"
"4/9/2020 21:03:44","Mujer","19","FACULTAD DE EDUCACION, COMUNICACION Y HUMANIDADES","No","No","No","Casi Nunca","Casi nunca","CABINA DE INTERNET","",""
"4/9/2020 21:10:51","Mujer","18","FACULTAD DE CIENCIAS DE LA SALUD","No","No","Sí","Aveces","Casi nunca","CASA","Computadora","Limitada"
"4/9/2020 21:11:34","Mujer","19","FACULTAD DE EDUCACION, COMUNICACION Y HUMANIDADES","No","No","No","Aveces","A veces","CASA","Computadora","Ilimitada"
"4/9/2020 21:40:52","Mujer","18","FACULTAD DE EDUCACION, COMUNICACION Y HUMANIDADES","No","No","No","Casi Nunca","A veces","CASA","Laptop","Limitada"
"4/9/2020 21:56:48","Hombre","17","FACULTAD DE CIENCIAS DE LA SALUD","No","No","No","Casi Nunca","Nunca","CASA","Computadora","Ilimitada"
"4/9/2020 22:02:52","Mujer","20","FACULTAD DE EDUCACION, COMUNICACION Y HUMANIDADES","No","No","No","Casi Nunca","A veces","CASA","Computadora","Ilimitada"
"4/9/2020 22:09:12","Mujer","26","FACULTAD DE CIENCIAS DE LA SALUD","No","No","No","Casi Nunca","Nunca","WIFI_UNJBG","",""
"4/9/2020 22:09:43","Mujer","19","FACULTAD DE CIENCIAS AGROPECUARIAS","No","No","No","Casi Nunca","Nunca","CASA","Laptop","Limitada"
"4/9/2020 22:19:07","Hombre","20","FACULTAD DE EDUCACION, COMUNICACION Y HUMANIDADES","No","No","No","Casi Nunca","Casi nunca","CASA","Computadora","Limitada"
"4/9/2020 22:35:25","Mujer","20","FACULTAD DE EDUCACION, COMUNICACION Y HUMANIDADES","No","No","No","Aveces","Casi nunca","CASA","Celular","Limitada"
"4/9/2020 22:48:08","Hombre","21","FACULTAD DE INGENIERÍA CIVIL, ARQUITECTURA Y GEOTECNIA","No","No","No","Casi Nunca","Nunca","CASA","Celular","Limitada"
"4/9/2020 23:24:25","Mujer","21","FACULTAD DE EDUCACION, COMUNICACION Y HUMANIDADES","No","No","No","Casi Nunca","Casi nunca","CABINA DE INTERNET","",""
"4/9/2020 23:35:23","Mujer","20","FACULTAD DE EDUCACION, COMUNICACION Y HUMANIDADES","No","No","No","Aveces","A veces","CASA","Computadora","Ilimitada"
"4/10/2020 0:09:58","Mujer","20","FACULTAD DE CIENCIAS DE LA SALUD","No","No","No","Casi Nunca","Nunca","CASA","Celular","Limitada"
"4/10/2020 10:00:32","Mujer","20","FACULTAD DE EDUCACION, COMUNICACION Y HUMANIDADES","Sí","No","No","Casi Nunca","A veces","CASA","Celular","Limitada"
"4/10/2020 10:24:31","Mujer","23","FACULTAD DE CIENCIAS DE LA SALUD","Sí","Sí","Sí","Casi Siempre","A veces","CASA","Laptop","Ilimitada"
"4/10/2020 10:42:44","Hombre","23","FACULTAD DE CIENCIAS DE LA SALUD","No","Sí","No","Casi Nunca","Casi nunca","CASA","Laptop","Ilimitada"
"4/10/2020 11:00:27","Mujer","21","FACULTAD DE CIENCIAS DE LA SALUD","No","No","No","Casi Nunca","Nunca","CABINA DE INTERNET","",""
"4/10/2020 12:37:01","Mujer","19","FACULTAD DE CIENCIAS AGROPECUARIAS","No","Sí","No","Casi Nunca","A veces","CASA","Celular","Limitada"
"4/10/2020 13:34:39","Hombre","27","FACULTAD DE CIENCIAS DE LA SALUD","No","No","No","Casi Nunca","Nunca","WIFI_UNJBG","",""
"4/10/2020 14:17:59","Mujer","21","FACULTAD DE CIENCIAS DE LA SALUD","Sí","Sí","No","Casi Nunca","A veces","CASA","Celular","Limitada"
"4/10/2020 14:20:58","Mujer","22","FACULTAD DE CIENCIAS DE LA SALUD","Sí","No","No","Aveces","A veces","CASA","Laptop","Ilimitada"
"4/10/2020 14:21:53","Mujer","19","FACULTAD DE CIENCIAS DE LA SALUD","No","No","No","Casi Nunca","A veces","CASA","Laptop","Ilimitada"
"4/10/2020 14:23:33","Mujer","20","FACULTAD DE CIENCIAS DE LA SALUD","No","No","No","Aveces","Casi nunca","CASA","Computadora","Ilimitada"
"4/10/2020 14:27:15","Hombre","20","FACULTAD DE CIENCIAS AGROPECUARIAS","No","Sí","No","Casi Nunca","A veces","CABINA DE INTERNET","",""
"4/10/2020 14:30:13","Mujer","19","FACULTAD DE CIENCIAS DE LA SALUD","No","No","No","Casi Nunca","A veces","WIFI_UNJBG","",""
"4/10/2020 14:33:46","Hombre","18","FACULTAD DE CIENCIAS DE LA SALUD","No","No","No","Aveces","A veces","CASA","Laptop","Ilimitada"
"4/10/2020 14:35:04","Mujer","18","FACULTAD DE CIENCIAS DE LA SALUD","Sí","No","No","Casi Nunca","Casi nunca","CASA","Celular","Limitada"
"4/10/2020 14:37:53","Hombre","17","FACULTAD DE INGENIERIA","No","No","No","Casi Nunca","Nunca","CASA","Celular","Ilimitada"
"4/10/2020 14:39:21","Hombre","18","FACULTAD DE CIENCIAS AGROPECUARIAS","No","No","No","Casi Nunca","Casi nunca","WIFI_UNJBG","",""
"4/10/2020 14:39:47","Mujer","18","FACULTAD DE CIENCIAS DE LA SALUD","Sí","Sí","No","Aveces","Casi nunca","CASA","Celular","Limitada"
"4/10/2020 14:42:37","Mujer","19","FACULTAD DE CIENCIAS DE LA SALUD","Sí","Sí","No","Aveces","A veces","CASA","Celular","Limitada"
"4/10/2020 14:46:56","Mujer","19","FACULTAD DE CIENCIAS DE LA SALUD","No","No","No","Casi Nunca","A veces","CABINA DE INTERNET","",""
"4/10/2020 14:47:15","Mujer","20","FACULTAD DE CIENCIAS DE LA SALUD","No","No","No","Casi Nunca","Casi nunca","CABINA DE INTERNET","",""
"4/10/2020 14:47:26","Mujer","20","FACULTAD DE CIENCIAS DE LA SALUD","No","No","No","Casi Nunca","Casi nunca","CABINA DE INTERNET","",""
"4/10/2020 14:49:20","Hombre","21","FACULTAD DE EDUCACION, COMUNICACION Y HUMANIDADES","No","No","No","Casi Nunca","Casi nunca","CASA","Celular","Ilimitada"
"4/10/2020 14:52:41","Mujer","19","FACULTAD DE CIENCIAS DE LA SALUD","Sí","Sí","No","Casi Nunca","A veces","CASA","Laptop","Ilimitada"
"4/10/2020 14:54:01","Hombre","18","FACULTAD DE INGENIERIA","No","No","Sí","Aveces","A veces","CASA","Computadora","Ilimitada"
"4/10/2020 14:56:23","Mujer","29","FACULTAD DE CIENCIAS DE LA SALUD","Sí","Sí","No","Aveces","Casi nunca","CASA","Laptop","Ilimitada"
"4/10/2020 14:57:34","Hombre","18","FACULTAD DE CIENCIAS AGROPECUARIAS","Sí","Sí","No","Aveces","Casi nunca","CASA","Computadora","Limitada"
"4/10/2020 14:57:39","Hombre","22","FACULTAD DE INGENIERIA","Sí","No","No","Aveces","A veces","CASA","Computadora","Ilimitada"
"4/10/2020 14:59:48","Mujer","19","FACULTAD DE CIENCIAS DE LA SALUD","Sí","No","No","Casi Nunca","A veces","CASA","Laptop","Limitada"
"4/10/2020 15:01:54","Mujer","19","FACULTAD DE CIENCIAS DE LA SALUD","Sí","No","No","Casi Nunca","A veces","CASA","Laptop","Ilimitada"
"4/10/2020 15:25:16","Mujer","18","FACULTAD DE CIENCIAS DE LA SALUD","Sí","No","No","Casi Nunca","A veces","CASA","Laptop","Ilimitada"
"4/10/2020 15:33:47","Hombre","18","FACULTAD DE INGENIERIA","No","No","Sí","Casi Siempre","Casi siempre","CASA","Laptop","Ilimitada"
"4/10/2020 15:57:36","Hombre","20","FACULTAD DE CIENCIAS AGROPECUARIAS","No","No","No","Casi Nunca","Casi nunca","CASA","Celular","Ilimitada"
"4/10/2020 15:58:57","Hombre","18","FACULTAD DE CIENCIAS AGROPECUARIAS","Sí","No","No","Casi Nunca","A veces","CASA","Laptop","Limitada"
"4/10/2020 16:53:53","Mujer","19","FACULTAD DE CIENCIAS DE LA SALUD","No","No","No","Casi Nunca","Casi nunca","CASA","Laptop","Limitada"
"4/10/2020 16:54:38","Mujer","18","FACULTAD DE INGENIERIA","No","Sí","Sí","Aveces","A veces","CASA","Celular","Limitada"
"4/10/2020 16:56:30","Mujer","20","FACULTAD DE CIENCIAS DE LA SALUD","Sí","No","No","Aveces","A veces","CASA","Celular","Limitada"
"4/10/2020 16:58:14","Mujer","20","FACULTAD DE CIENCIAS DE LA SALUD","Sí","No","No","Aveces","A veces","CASA","Celular","Limitada"
"4/10/2020 16:59:52","Mujer","19","FACULTAD DE CIENCIAS AGROPECUARIAS","No","No","No","Casi Nunca","A veces","CASA","Celular","Limitada"
"4/10/2020 17:36:06","Mujer","20","FACULTAD DE INGENIERÍA CIVIL, ARQUITECTURA Y GEOTECNIA","Sí","No","No","Aveces","A veces","CASA","Celular","Ilimitada"
"4/10/2020 17:56:32","Mujer","19","FACULTAD DE CIENCIAS DE LA SALUD","Sí","No","No","Casi Nunca","A veces","CASA","Computadora","Limitada"
"4/10/2020 19:21:09","Mujer","17","FACULTAD DE CIENCIAS DE LA SALUD","No","No","No","Aveces","Casi nunca","WIFI_UNJBG","",""
"4/10/2020 19:32:18","Mujer","21","FACULTAD DE CIENCIAS DE LA SALUD","No","No","No","Casi Nunca","Casi nunca","CASA","Celular","Limitada"
"4/10/2020 20:41:33","Hombre","19","FACULTAD DE INGENIERIA","Sí","Sí","No","Casi Nunca","Casi nunca","CASA","Computadora","Ilimitada"
"4/10/2020 21:35:21","Mujer","20","FACULTAD DE CIENCIAS DE LA SALUD","No","No","No","Casi Nunca","Nunca","CASA","Celular","Ilimitada"
"4/11/2020 1:27:05","Mujer","20","FACULTAD DE EDUCACION, COMUNICACION Y HUMANIDADES","Sí","Sí","No","Aveces","A veces","CASA","Computadora","Ilimitada"
"4/11/2020 1:50:33","Mujer","24","FACULTAD DE CIENCIAS DE LA SALUD","No","Sí","No","Aveces","Casi nunca","CASA","Computadora","Limitada"
"4/11/2020 8:22:51","Hombre","20","FACULTAD DE CIENCIAS AGROPECUARIAS","No","Sí","No","Aveces","A veces","CASA","Computadora","Ilimitada"
"4/11/2020 11:23:03","Hombre","19","FACULTAD DE CIENCIAS AGROPECUARIAS","No","No","No","Aveces","Casi nunca","CABINA DE INTERNET","",""
"4/11/2020 13:57:11","Mujer","19","FACULTAD DE INGENIERIA","No","No","No","Casi Nunca","Casi nunca","CASA","Celular","Ilimitada"
"4/11/2020 13:58:11","Hombre","18","FACULTAD DE INGENIERIA","No","Sí","No","Casi Nunca","Casi nunca","CASA","Computadora","Ilimitada"
"4/11/2020 14:01:23","Mujer","18","FACULTAD DE INGENIERIA","No","No","No","Casi Nunca","A veces","CABINA DE INTERNET","",""
"4/11/2020 14:03:00","Hombre","25","FACULTAD DE CIENCIAS DE LA SALUD","Sí","No","Sí","Casi Nunca","A veces","CASA","Computadora","Ilimitada"
"4/11/2020 14:04:40","Hombre","21","FACULTAD DE INGENIERIA","No","No","Sí","Aveces","A veces","CASA","Celular","Ilimitada"
"4/11/2020 14:05:32","Hombre","19","FACULTAD DE INGENIERIA","No","No","No","Casi Nunca","Casi nunca","CASA","Computadora","Ilimitada"
"4/11/2020 14:06:08","Hombre","19","FACULTAD DE INGENIERIA","Sí","Sí","No","Casi Nunca","Nunca","CASA","Laptop","Ilimitada"
"4/11/2020 14:19:18","Mujer","18","FACULTAD DE CIENCIAS AGROPECUARIAS","No","No","No","Aveces","A veces","CASA","Celular","Ilimitada"
"4/11/2020 14:23:12","Mujer","19","FACULTAD DE CIENCIAS JURÍDICAS Y EMPRESARIALES","Sí","No","No","Aveces","A veces","CASA","Celular","Ilimitada"
"4/11/2020 14:24:42","Hombre","19","FACULTAD DE CIENCIAS JURÍDICAS Y EMPRESARIALES","Sí","No","No","Aveces","Casi nunca","CASA","Computadora","Ilimitada"
"4/11/2020 14:27:23","Hombre","18","FACULTAD DE INGENIERIA","Sí","Sí","No","Aveces","A veces","CASA","Celular","Limitada"
"4/11/2020 14:27:47","Mujer","21","FACULTAD DE CIENCIAS AGROPECUARIAS","No","No","No","Aveces","A veces","CABINA DE INTERNET","",""
"4/11/2020 14:28:58","Hombre","19","FACULTAD DE INGENIERIA","No","No","No","Casi Nunca","Casi nunca","CABINA DE INTERNET","",""
"4/11/2020 14:29:42","Mujer","20","FACULTAD DE CIENCIAS JURÍDICAS Y EMPRESARIALES","Sí","No","No","Aveces","A veces","CASA","Celular","Limitada"
"4/11/2020 14:31:44","Mujer","19","FACULTAD DE CIENCIAS AGROPECUARIAS","No","No","No","Casi Nunca","Nunca","CABINA DE INTERNET","",""
"4/11/2020 14:34:39","Mujer","20","FACULTAD DE CIENCIAS AGROPECUARIAS","No","No","No","Casi Nunca","Casi nunca","CASA","Celular","Limitada"
"4/11/2020 14:34:49","Hombre","20","FACULTAD DE INGENIERIA","No","Sí","No","Aveces","Casi nunca","CASA","Computadora","Ilimitada"
"4/11/2020 14:35:23","Hombre","21","FACULTAD DE CIENCIAS DE LA SALUD","Sí","No","No","Casi Nunca","Casi nunca","CABINA DE INTERNET","",""
"4/11/2020 14:35:28","Hombre","18","FACULTAD DE INGENIERIA","Sí","Sí","Sí","Casi Siempre","Casi siempre","CASA","Laptop","Ilimitada"
"4/11/2020 14:36:46","Hombre","22","FACULTAD DE INGENIERIA","No","No","No","Aveces","Casi siempre","CASA","Computadora","Limitada"
"4/11/2020 14:38:35","Mujer","18","FACULTAD DE CIENCIAS DE LA SALUD","No","No","No","Casi Nunca","Nunca","CABINA DE INTERNET","",""
"4/11/2020 14:38:36","Mujer","22","FACULTAD DE CIENCIAS AGROPECUARIAS","No","No","No","Casi Nunca","Casi nunca","CASA","Computadora","Limitada"
"4/11/2020 14:41:35","Hombre","19","FACULTAD DE INGENIERIA","No","No","No","Casi Nunca","Nunca","WIFI_UNJBG","",""
"4/11/2020 14:42:25","Hombre","18","FACULTAD DE INGENIERIA","No","No","No","Casi Nunca","Nunca","WIFI_UNJBG","",""
"4/11/2020 14:42:26","Hombre","18","FACULTAD DE INGENIERIA","Sí","No","No","Casi Nunca","Casi siempre","WIFI_UNJBG","",""
"4/11/2020 14:42:51","Hombre","17","FACULTAD DE INGENIERIA","No","No","No","Casi Nunca","Nunca","CASA","Computadora","Limitada"
"4/11/2020 14:43:27","Hombre","25","FACULTAD DE CIENCIAS AGROPECUARIAS","No","No","No","Aveces","Casi nunca","CASA","Computadora","Limitada"
"4/11/2020 14:43:29","Hombre","19","FACULTAD DE INGENIERIA","No","No","No","Casi Siempre","Casi nunca","CASA","Celular","Ilimitada"
"4/11/2020 14:44:06","Hombre","22","FACULTAD DE INGENIERIA","Sí","Sí","No","Aveces","Casi siempre","CASA","Computadora","Ilimitada"
"4/11/2020 14:45:30","Hombre","25","FACULTAD DE INGENIERIA","No","No","No","Casi Nunca","Nunca","CABINA DE INTERNET","",""
"4/11/2020 14:47:29","Hombre","20","FACULTAD DE INGENIERIA","No","No","No","Casi Nunca","Casi nunca","WIFI_UNJBG","",""
"4/11/2020 14:47:41","Hombre","18","FACULTAD DE INGENIERIA","No","Sí","No","Aveces","Casi nunca","WIFI_UNJBG","",""
"4/11/2020 14:51:36","Mujer","19","FACULTAD DE CIENCIAS AGROPECUARIAS","Sí","No","No","Aveces","Casi nunca","CASA","Celular","Ilimitada"
"4/11/2020 14:55:23","Mujer","20","FACULTAD DE INGENIERIA","No","No","No","Casi Nunca","Casi nunca","CASA","Computadora","Ilimitada"
"4/11/2020 14:57:33","Hombre","21","FACULTAD DE CIENCIAS AGROPECUARIAS","Sí","Sí","Sí","Casi Siempre","Casi siempre","CASA","Computadora","Ilimitada"
"4/11/2020 15:06:03","Hombre","17","FACULTAD DE EDUCACION, COMUNICACION Y HUMANIDADES","No","No","No","Casi Nunca","Casi nunca","CASA","Celular","Limitada"
"4/11/2020 15:06:19","Mujer","17","FACULTAD DE INGENIERÍA CIVIL, ARQUITECTURA Y GEOTECNIA","No","No","No","Aveces","Nunca","CASA","Computadora","Limitada"
"4/11/2020 15:06:36","Hombre","18","FACULTAD DE INGENIERIA","No","Sí","Sí","Casi Siempre","Siempre","CASA","Computadora","Ilimitada"
"4/11/2020 15:17:19","Hombre","18","FACULTAD DE INGENIERIA","No","No","No","Casi Nunca","Casi nunca","CABINA DE INTERNET","",""
"4/11/2020 15:17:48","Hombre","18","FACULTAD DE INGENIERIA","No","No","No","Casi Nunca","Casi nunca","CABINA DE INTERNET","",""
"4/11/2020 15:21:41","Hombre","19","FACULTAD DE INGENIERIA","Sí","No","No","Casi Nunca","A veces","WIFI_UNJBG","",""
"4/11/2020 15:23:54","Hombre","18","FACULTAD DE INGENIERIA","No","No","No","Casi Nunca","Casi nunca","CABINA DE INTERNET","",""
"4/11/2020 15:25:12","Hombre","18","FACULTAD DE INGENIERIA","No","Sí","Sí","Casi Siempre","Siempre","CASA","Computadora","Ilimitada"
"4/11/2020 15:38:41","Mujer","17","FACULTAD DE CIENCIAS JURÍDICAS Y EMPRESARIALES","No","Sí","Sí","Casi Nunca","Nunca","CASA","Celular","Limitada"
"4/11/2020 15:39:29","Mujer","18","FACULTAD DE CIENCIAS AGROPECUARIAS","No","No","No","Casi Nunca","Casi nunca","WIFI_UNJBG","",""
"4/11/2020 15:44:42","Hombre","17","FACULTAD DE CIENCIAS JURÍDICAS Y EMPRESARIALES","Sí","No","No","Casi Nunca","Nunca","WIFI_UNJBG","",""
"4/11/2020 15:45:24","Mujer","18","FACULTAD DE INGENIERIA","No","Sí","No","Casi Nunca","Nunca","CASA","Computadora","Ilimitada"
"4/11/2020 16:04:31","Mujer","19","FACULTAD DE INGENIERIA","No","No","No","Casi Nunca","Casi nunca","CASA","Computadora","Ilimitada"
"4/11/2020 16:04:33","Mujer","19","FACULTAD DE INGENIERIA","No","No","No","Aveces","Casi nunca","CASA","Celular","Limitada"
"4/11/2020 16:15:30","Hombre","17","FACULTAD DE INGENIERIA","No","No","No","Casi Nunca","Casi siempre","WIFI_UNJBG","",""
"4/11/2020 16:17:55","Mujer","18","FACULTAD DE INGENIERIA","No","No","No","Casi Nunca","Nunca","CABINA DE INTERNET","",""
"4/11/2020 16:34:26","Hombre","18","FACULTAD DE INGENIERIA","No","No","No","Casi Nunca","Nunca","WIFI_UNJBG","",""
"4/11/2020 17:04:50","Hombre","23","FACULTAD DE CIENCIAS DE LA SALUD","Sí","No","No","Casi Nunca","Casi nunca","CASA","Computadora","Ilimitada"
"4/11/2020 17:40:23","Mujer","22","FACULTAD DE CIENCIAS JURÍDICAS Y EMPRESARIALES","No","No","No","Casi Nunca","Casi nunca","CASA","Celular","Limitada"
"4/11/2020 17:41:14","Mujer","18","FACULTAD DE INGENIERIA","No","No","No","Casi Nunca","A veces","CASA","Computadora","Limitada"
"4/11/2020 17:43:37","Hombre","18","FACULTAD DE INGENIERIA","No","No","No","Casi Nunca","A veces","CASA","Celular","Ilimitada"
"4/11/2020 17:50:25","Mujer","21","FACULTAD DE CIENCIAS AGROPECUARIAS","No","No","No","Aveces","Casi nunca","CABINA DE INTERNET","",""
"4/11/2020 18:55:50","Mujer","24","FACULTAD DE INGENIERIA","No","No","No","Casi Nunca","Casi nunca","CASA","Celular","Limitada"
"4/11/2020 20:13:45","Hombre","18","FACULTAD DE INGENIERIA","No","No","No","Casi Nunca","Casi nunca","CABINA DE INTERNET","",""
"4/11/2020 21:36:59","Hombre","19","FACULTAD DE CIENCIAS AGROPECUARIAS","No","No","No","Aveces","A veces","CASA","Laptop","Limitada"
"4/11/2020 21:41:46","Mujer","18","FACULTAD DE INGENIERÍA CIVIL, ARQUITECTURA Y GEOTECNIA","No","No","No","Casi Nunca","Casi nunca","WIFI_UNJBG","",""
"4/11/2020 22:03:00","Mujer","17","FACULTAD DE INGENIERÍA CIVIL, ARQUITECTURA Y GEOTECNIA","No","No","No","Casi Nunca","Casi nunca","CASA","Computadora","Ilimitada"
"4/11/2020 22:43:33","Hombre","19","FACULTAD DE INGENIERIA","Sí","Sí","No","Casi Nunca","Casi nunca","CASA","Laptop","Limitada"
"4/11/2020 22:45:19","Hombre","24","FACULTAD DE CIENCIAS","Sí","No","No","Casi Nunca","Siempre","CASA","Laptop","Limitada"
"4/11/2020 22:47:48","Hombre","20","FACULTAD DE INGENIERIA","No","No","No","Casi Nunca","Casi nunca","WIFI_UNJBG","",""
"4/11/2020 23:18:53","Mujer","21","FACULTAD DE CIENCIAS AGROPECUARIAS","No","No","No","Casi Nunca","A veces","CASA","Laptop","Ilimitada"
"4/12/2020 6:30:45","Mujer","20","FACULTAD DE CIENCIAS","No","Sí","No","Casi Nunca","Casi siempre","CASA","Celular","Ilimitada"
"4/12/2020 8:52:34","Hombre","20","FACULTAD DE INGENIERIA","No","No","No","Casi Nunca","Nunca","CASA","-","Ilimitada"
"4/12/2020 12:13:36","Hombre","24","FACULTAD DE CIENCIAS","No","Sí","Sí","Aveces","A veces","WIFI_UNJBG","",""
"4/12/2020 12:56:31","Hombre","19","FACULTAD DE CIENCIAS AGROPECUARIAS","Sí","No","No","Aveces","Casi nunca","CASA","Computadora","Ilimitada"
"4/12/2020 15:21:28","Mujer","19","FACULTAD DE EDUCACION, COMUNICACION Y HUMANIDADES","Sí","Sí","No","Aveces","Casi nunca","CASA","Laptop","Ilimitada"
"4/12/2020 18:24:54","Mujer","19","FACULTAD DE CIENCIAS DE LA SALUD","Sí","No","No","Aveces","Casi nunca","CASA","Celular","Ilimitada"
"4/12/2020 21:15:21","Mujer","18","FACULTAD DE CIENCIAS AGROPECUARIAS","Sí","No","No","Aveces","A veces","CASA","Computadora","Limitada"
"4/12/2020 21:15:41","Hombre","17","FACULTAD DE CIENCIAS AGROPECUARIAS","No","No","No","Aveces","A veces","CABINA DE INTERNET","",""
"4/12/2020 21:16:13","Mujer","18","FACULTAD DE CIENCIAS AGROPECUARIAS","No","No","No","Casi Nunca","Casi nunca","CABINA DE INTERNET","",""
"4/12/2020 21:17:15","Hombre","20","FACULTAD DE CIENCIAS AGROPECUARIAS","No","No","No","Aveces","A veces","CASA","Laptop","Limitada"
"4/12/2020 21:17:33","Hombre","23","FACULTAD DE CIENCIAS AGROPECUARIAS","No","No","No","Casi Nunca","Nunca","CABINA DE INTERNET","",""
"4/12/2020 21:18:07","Mujer","21","FACULTAD DE CIENCIAS AGROPECUARIAS","No","Sí","No","Casi Nunca","Casi nunca","WIFI_UNJBG","",""
"4/12/2020 21:18:20","Hombre","21","FACULTAD DE CIENCIAS AGROPECUARIAS","No","No","No","Casi Nunca","Casi nunca","WIFI_UNJBG","",""
"4/12/2020 21:18:36","Hombre","20","FACULTAD DE CIENCIAS AGROPECUARIAS","No","Sí","No","Casi Nunca","Casi nunca","WIFI_UNJBG","",""
"4/12/2020 21:18:57","Mujer","23","FACULTAD DE CIENCIAS AGROPECUARIAS","No","Sí","No","Aveces","A veces","WIFI_UNJBG","",""
"4/12/2020 21:19:15","Mujer","22","FACULTAD DE CIENCIAS AGROPECUARIAS","No","No","No","Casi Nunca","Casi nunca","CABINA DE INTERNET","",""
"4/12/2020 21:20:37","Mujer","18","FACULTAD DE CIENCIAS AGROPECUARIAS","No","No","No","Aveces","Nunca","WIFI_UNJBG","",""
"4/12/2020 21:46:14","Hombre","23","FACULTAD DE CIENCIAS AGROPECUARIAS","No","No","No","Casi Nunca","Nunca","CABINA DE INTERNET","",""
"4/12/2020 22:00:31","Mujer","20","FACULTAD DE CIENCIAS AGROPECUARIAS","No","No","No","Aveces","A veces","CASA","Laptop","Ilimitada"
"4/12/2020 22:37:46","Hombre","31","FACULTAD DE EDUCACION, COMUNICACION Y HUMANIDADES","No","No","No","Casi Nunca","Nunca","CASA","Laptop","Limitada"
"4/12/2020 23:36:16","Hombre","18","FACULTAD DE CIENCIAS AGROPECUARIAS","No","No","No","Casi Nunca","Casi nunca","CABINA DE INTERNET","",""
"4/13/2020 6:05:07","Mujer","18","FACULTAD DE CIENCIAS AGROPECUARIAS","Sí","No","Sí","Aveces","A veces","WIFI_UNJBG","",""
"4/13/2020 9:30:03","Hombre","22","FACULTAD DE CIENCIAS AGROPECUARIAS","No","Sí","Sí","Casi Siempre","Casi siempre","WIFI_UNJBG","",""
"4/13/2020 11:08:44","Mujer","18","FACULTAD DE CIENCIAS AGROPECUARIAS","No","No","No","Casi Nunca","A veces","WIFI_UNJBG","",""
"4/13/2020 16:36:55","Mujer","20","FACULTAD DE CIENCIAS DE LA SALUD","No","No","No","Casi Nunca","A veces","CASA","Celular","Limitada"
"4/13/2020 17:41:33","Mujer","41","FACULTAD DE EDUCACION, COMUNICACION Y HUMANIDADES","Sí","Sí","No","Casi Nunca","A veces","CASA","Laptop","Ilimitada"
"4/13/2020 19:24:18","Mujer","18","FACULTAD DE INGENIERÍA CIVIL, ARQUITECTURA Y GEOTECNIA","No","Sí","No","Aveces","A veces","CASA","Celular","Limitada"
"4/13/2020 20:22:28","Hombre","22","FACULTAD DE INGENIERIA","Sí","No","No","Casi Nunca","Casi nunca","CASA","Celular","Limitada"
"4/13/2020 20:50:44","Hombre","21","FACULTAD DE EDUCACION, COMUNICACION Y HUMANIDADES","No","No","No","Casi Nunca","Casi nunca","CABINA DE INTERNET","",""
"4/13/2020 21:06:22","Mujer","19","FACULTAD DE EDUCACION, COMUNICACION Y HUMANIDADES","No","No","No","Casi Nunca","Nunca","CASA","Celular","Ilimitada"
"4/13/2020 21:07:46","Hombre","22","FACULTAD DE EDUCACION, COMUNICACION Y HUMANIDADES","No","No","No","Casi Nunca","Casi nunca","CASA","Celular","Ilimitada"
"4/13/2020 21:21:21","Hombre","18","FACULTAD DE EDUCACION, COMUNICACION Y HUMANIDADES","No","No","No","Casi Nunca","Casi nunca","CABINA DE INTERNET","",""
"4/14/2020 9:40:33","Mujer","23","FACULTAD DE INGENIERÍA CIVIL, ARQUITECTURA Y GEOTECNIA","No","No","No","Casi Nunca","Casi nunca","CASA","Celular","Limitada"
"4/14/2020 10:24:40","Hombre","18","FACULTAD DE EDUCACION, COMUNICACION Y HUMANIDADES","No","No","No","Casi Nunca","Nunca","CASA","Computadora","Ilimitada"
"4/14/2020 15:09:07","Hombre","18","FACULTAD DE INGENIERIA","No","No","No","Casi Nunca","Casi nunca","CASA","Celular","Limitada"
"4/14/2020 15:32:15","Mujer","24","FACULTAD DE CIENCIAS AGROPECUARIAS","No","No","No","Casi Siempre","A veces","CABINA DE INTERNET","",""
"4/14/2020 16:19:56","Mujer","20","FACULTAD DE EDUCACION, COMUNICACION Y HUMANIDADES","No","No","No","Casi Nunca","Casi nunca","CASA","Celular","Limitada"
"4/14/2020 16:51:42","Hombre","26","FACULTAD DE EDUCACION, COMUNICACION Y HUMANIDADES","No","No","No","Casi Nunca","Nunca","CASA","Computadora","Limitada"
"4/14/2020 18:04:47","Mujer","19","FACULTAD DE EDUCACION, COMUNICACION Y HUMANIDADES","No","Sí","No","Aveces","Casi siempre","CASA","Laptop","Limitada"
"4/14/2020 18:05:20","Mujer","21","FACULTAD DE EDUCACION, COMUNICACION Y HUMANIDADES","No","No","No","Casi Nunca","Nunca","CASA","Celular","Ilimitada"
"4/14/2020 18:05:50","Hombre","19","FACULTAD DE EDUCACION, COMUNICACION Y HUMANIDADES","No","No","No","Casi Nunca","Casi nunca","CABINA DE INTERNET","",""
"4/14/2020 18:06:19","Mujer","19","FACULTAD DE EDUCACION, COMUNICACION Y HUMANIDADES","No","No","No","Aveces","A veces","CASA","Celular","Ilimitada"
"4/14/2020 18:10:38","Mujer","27","FACULTAD DE CIENCIAS DE LA SALUD","No","No","No","Casi Nunca","Nunca","CASA","Computadora","Limitada"
"4/14/2020 18:12:03","Hombre","21","FACULTAD DE EDUCACION, COMUNICACION Y HUMANIDADES","No","No","No","Aveces","Casi nunca","CASA","Celular","Ilimitada"
"4/14/2020 18:15:17","Mujer","20","FACULTAD DE EDUCACION, COMUNICACION Y HUMANIDADES","No","Sí","No","Casi Nunca","Casi nunca","CABINA DE INTERNET","",""
"4/14/2020 18:15:41","Hombre","23","FACULTAD DE EDUCACION, COMUNICACION Y HUMANIDADES","No","No","No","Casi Nunca","Nunca","CABINA DE INTERNET","",""
"4/14/2020 18:20:18","Hombre","19","FACULTAD DE EDUCACION, COMUNICACION Y HUMANIDADES","No","No","No","Casi Nunca","Nunca","CASA","Laptop","Ilimitada"
"4/14/2020 18:24:03","Mujer","21","FACULTAD DE CIENCIAS DE LA SALUD","No","No","No","Casi Nunca","Nunca","CASA","Celular","Limitada"
"4/14/2020 18:26:08","Hombre","29","FACULTAD DE CIENCIAS DE LA SALUD","No","Sí","No","Casi Nunca","A veces","CASA","Celular","Ilimitada"
"4/14/2020 18:29:10","Mujer","23","FACULTAD DE CIENCIAS DE LA SALUD","No","No","No","Casi Nunca","Nunca","CASA","Celular","Limitada"
"4/14/2020 18:38:19","Hombre","23","FACULTAD DE CIENCIAS DE LA SALUD","No","No","No","Casi Nunca","Nunca","WIFI_UNJBG","",""
"4/14/2020 18:53:06","Mujer","25","FACULTAD DE CIENCIAS DE LA SALUD","No","No","No","Casi Nunca","A veces","WIFI_UNJBG","",""
"4/14/2020 19:01:29","Mujer","24","FACULTAD DE CIENCIAS DE LA SALUD","No","No","No","Casi Nunca","Nunca","CASA","Celular","Limitada"
"4/14/2020 19:08:24","Mujer","24","FACULTAD DE CIENCIAS DE LA SALUD","No","No","No","Casi Nunca","Casi nunca","CASA","Laptop","Limitada"
"4/14/2020 19:21:33","Mujer","20","FACULTAD DE EDUCACION, COMUNICACION Y HUMANIDADES","Sí","Sí","No","Aveces","Casi nunca","CASA","Celular","Ilimitada"
"4/14/2020 19:27:08","Hombre","20","FACULTAD DE EDUCACION, COMUNICACION Y HUMANIDADES","Sí","No","No","Aveces","A veces","WIFI_UNJBG","",""
"4/14/2020 19:35:33","Hombre","19","FACULTAD DE CIENCIAS","No","No","No","Casi Nunca","A veces","WIFI_UNJBG","",""
"4/14/2020 20:04:01","Hombre","27","FACULTAD DE EDUCACION, COMUNICACION Y HUMANIDADES","No","Sí","No","Casi Nunca","A veces","CASA","Computadora","Limitada"
"4/14/2020 20:13:59","Mujer","19","FACULTAD DE EDUCACION, COMUNICACION Y HUMANIDADES","Sí","Sí","No","Aveces","Casi nunca","CASA","Laptop","Ilimitada"
"4/14/2020 20:15:50","Hombre","24","FACULTAD DE CIENCIAS JURÍDICAS Y EMPRESARIALES","No","No","No","Casi Nunca","Casi siempre","CASA","Laptop","Limitada"
"4/14/2020 20:18:38","Hombre","21","FACULTAD DE INGENIERIA","No","No","No","Casi Nunca","Nunca","CASA","Laptop","Ilimitada"
"4/14/2020 20:19:25","Mujer","26","FACULTAD DE CIENCIAS DE LA SALUD","No","Sí","No","Aveces","Casi nunca","WIFI_UNJBG","",""
"4/14/2020 20:25:32","Hombre","23","FACULTAD DE CIENCIAS AGROPECUARIAS","No","No","No","Aveces","A veces","WIFI_UNJBG","",""
"4/14/2020 20:33:14","Mujer","21","FACULTAD DE CIENCIAS AGROPECUARIAS","No","Sí","Sí","Aveces","Casi nunca","WIFI_UNJBG","",""
"4/14/2020 20:40:00","Mujer","19","FACULTAD DE EDUCACION, COMUNICACION Y HUMANIDADES","No","Sí","No","Casi Nunca","A veces","CASA","Celular","Limitada"
"4/14/2020 20:41:56","Mujer","21","FACULTAD DE CIENCIAS DE LA SALUD","No","No","No","Casi Nunca","Nunca","CASA","Computadora","Limitada"
"4/14/2020 20:44:02","Hombre","20","FACULTAD DE CIENCIAS AGROPECUARIAS","No","No","No","Casi Nunca","A veces","CABINA DE INTERNET","",""
"4/14/2020 20:51:39","Mujer","22","FACULTAD DE EDUCACION, COMUNICACION Y HUMANIDADES","No","No","Sí","Aveces","A veces","CASA","Laptop","Limitada"
"4/14/2020 20:54:40","Hombre","24","FACULTAD DE CIENCIAS JURÍDICAS Y EMPRESARIALES","No","No","No","Casi Nunca","Nunca","CABINA DE INTERNET","",""
"4/14/2020 20:55:36","Hombre","21","FACULTAD DE CIENCIAS AGROPECUARIAS","No","No","No","Aveces","A veces","WIFI_UNJBG","",""
"4/14/2020 20:57:23","Hombre","18","FACULTAD DE EDUCACION, COMUNICACION Y HUMANIDADES","No","No","No","Aveces","Casi nunca","CABINA DE INTERNET","",""
"4/14/2020 21:03:57","Hombre","20","FACULTAD DE CIENCIAS AGROPECUARIAS","No","Sí","No","Casi Nunca","Casi nunca","CASA","Celular","Limitada"
"4/14/2020 21:13:17","Mujer","20","FACULTAD DE CIENCIAS DE LA SALUD","No","No","No","Casi Nunca","Nunca","CASA","Laptop","Ilimitada"
"4/14/2020 21:16:32","Mujer","22","FACULTAD DE CIENCIAS DE LA SALUD","No","No","No","Casi Nunca","Nunca","CASA","Celular","Limitada"
"4/14/2020 23:42:25","Hombre","21","FACULTAD DE INGENIERIA","No","No","No","Casi Nunca","A veces","WIFI_UNJBG","",""
"4/14/2020 23:46:08","Hombre","21","FACULTAD DE INGENIERIA","No","No","No","Casi Nunca","Casi nunca","WIFI_UNJBG","",""
"4/14/2020 23:46:13","Hombre","21","FACULTAD DE INGENIERIA","Sí","No","No","Aveces","A veces","CASA","Celular","Ilimitada"
"4/15/2020 0:07:32","Hombre","28","FACULTAD DE INGENIERIA","No","No","No","Aveces","Casi nunca","CASA","Laptop","Ilimitada"
"4/15/2020 0:24:22","Hombre","23","FACULTAD DE INGENIERIA","Sí","Sí","Sí","Aveces","A veces","CASA","Laptop","Limitada"
"4/15/2020 0:34:07","Hombre","21","FACULTAD DE CIENCIAS DE LA SALUD","No","No","No","Aveces","Casi nunca","CASA","Celular","Limitada"
"4/15/2020 0:49:43","Mujer","19","FACULTAD DE EDUCACION, COMUNICACION Y HUMANIDADES","No","No","No","Casi Nunca","Casi nunca","CASA","Laptop","Limitada"
"4/15/2020 4:04:46","Hombre","25","FACULTAD DE INGENIERIA","No","No","No","Casi Nunca","A veces","WIFI_UNJBG","",""
"4/15/2020 5:53:10","Hombre","20","FACULTAD DE EDUCACION, COMUNICACION Y HUMANIDADES","No","Sí","Sí","Aveces","A veces","CASA","Laptop","Ilimitada"
"4/15/2020 5:53:34","Mujer","25","FACULTAD DE CIENCIAS JURÍDICAS Y EMPRESARIALES","No","No","No","Aveces","A veces","CABINA DE INTERNET","",""
"4/15/2020 7:09:45","Hombre","27","FACULTAD DE INGENIERIA","No","Sí","No","Aveces","A veces","CASA","Celular","Limitada"
"4/15/2020 8:39:38","Hombre","20","FACULTAD DE INGENIERIA","No","No","No","Casi Nunca","Casi nunca","CASA","Computadora","Limitada"
"4/15/2020 8:46:22","Hombre","21","FACULTAD DE INGENIERIA","No","No","No","Casi Nunca","Casi nunca","CASA","Computadora","Limitada"
"4/15/2020 9:37:36","Mujer","19","FACULTAD DE INGENIERIA","No","No","No","Casi Nunca","A veces","CASA","Celular","Limitada"
"4/15/2020 10:27:52","Hombre","20","FACULTAD DE INGENIERIA","No","No","No","Casi Nunca","A veces","CASA","Computadora","Limitada"
"4/15/2020 10:32:16","Hombre","20","FACULTAD DE INGENIERIA","No","No","No","Casi Nunca","A veces","CASA","Computadora","Limitada"
"4/15/2020 12:35:28","Hombre","27","FACULTAD DE INGENIERIA","No","No","No","Casi Nunca","A veces","CASA","Celular","Limitada"
"4/15/2020 12:49:18","Hombre","20","FACULTAD DE INGENIERIA","No","No","No","Casi Nunca","Casi nunca","WIFI_UNJBG","",""
"4/15/2020 13:01:01","Hombre","21","FACULTAD DE INGENIERIA","No","No","No","Aveces","A veces","CABINA DE INTERNET","",""
"4/15/2020 13:29:34","Hombre","19","FACULTAD DE INGENIERIA","No","No","No","Casi Nunca","Casi nunca","WIFI_UNJBG","",""
"4/15/2020 13:34:44","Mujer","18","FACULTAD DE EDUCACION, COMUNICACION Y HUMANIDADES","No","No","No","Casi Nunca","Nunca","CABINA DE INTERNET","",""
"4/15/2020 14:47:56","Hombre","21","FACULTAD DE INGENIERIA","No","No","No","Casi Nunca","Casi nunca","CASA","Celular","Limitada"
"4/15/2020 15:06:55","Hombre","20","FACULTAD DE INGENIERIA","No","No","No","Casi Nunca","Casi nunca","CABINA DE INTERNET","",""
"4/15/2020 15:34:11","Mujer","21","FACULTAD DE CIENCIAS AGROPECUARIAS","No","No","No","Casi Siempre","Casi nunca","CABINA DE INTERNET","",""
"4/15/2020 16:39:30","Mujer","20","FACULTAD DE CIENCIAS AGROPECUARIAS","No","Sí","No","Aveces","A veces","CASA","Laptop","Limitada"
"4/15/2020 17:58:06","Mujer","19","FACULTAD DE EDUCACION, COMUNICACION Y HUMANIDADES","No","No","No","Casi Nunca","Casi nunca","CASA","Celular","Limitada"
"4/15/2020 19:03:43","Mujer","21","FACULTAD DE CIENCIAS JURÍDICAS Y EMPRESARIALES","No","No","No","Casi Nunca","Casi nunca","CABINA DE INTERNET","",""
"4/15/2020 19:14:09","Hombre","18","FACULTAD DE CIENCIAS JURÍDICAS Y EMPRESARIALES","No","No","No","Casi Nunca","Casi nunca","CABINA DE INTERNET","",""
"4/15/2020 19:15:32","Mujer","18","FACULTAD DE CIENCIAS JURÍDICAS Y EMPRESARIALES","No","No","No","Aveces","A veces","CASA","Laptop","Ilimitada"
"4/15/2020 19:17:46","Mujer","22","FACULTAD DE EDUCACION, COMUNICACION Y HUMANIDADES","No","No","No","Aveces","A veces","CASA","Celular","Ilimitada"
"4/15/2020 20:02:07","Mujer","19","FACULTAD DE CIENCIAS JURÍDICAS Y EMPRESARIALES","No","No","No","Aveces","A veces","CASA","Computadora","Ilimitada"
"4/15/2020 21:12:37","Hombre","22","FACULTAD DE CIENCIAS JURÍDICAS Y EMPRESARIALES","No","No","No","Aveces","Casi nunca","CASA","Celular","Limitada"
"4/16/2020 1:14:40","Hombre","24","FACULTAD DE CIENCIAS JURÍDICAS Y EMPRESARIALES","No","No","No","Casi Nunca","A veces","WIFI_UNJBG","",""
"4/16/2020 9:06:34","Mujer","18","FACULTAD DE CIENCIAS JURÍDICAS Y EMPRESARIALES","No","No","No","Aveces","A veces","CASA","Celular","Limitada"
"4/16/2020 13:01:59","Hombre","19","FACULTAD DE CIENCIAS","No","No","No","Casi Nunca","Casi nunca","CASA","Computadora","Ilimitada"
"4/16/2020 13:04:41","Mujer","20","FACULTAD DE CIENCIAS","No","Sí","No","Casi Nunca","A veces","CASA","Computadora","Ilimitada"
"4/16/2020 13:06:09","Mujer","19","FACULTAD DE CIENCIAS","Sí","Sí","No","Casi Nunca","A veces","CASA","Celular","Ilimitada"
"4/16/2020 14:21:16","Hombre","18","FACULTAD DE CIENCIAS JURÍDICAS Y EMPRESARIALES","No","Sí","Sí","Aveces","A veces","CASA","Laptop","Ilimitada"
"4/16/2020 14:34:08","Mujer","17","FACULTAD DE CIENCIAS DE LA SALUD","No","Sí","Sí","Aveces","Casi nunca","CASA","Celular","Limitada"
"4/16/2020 14:59:02","Mujer","19","FACULTAD DE CIENCIAS JURÍDICAS Y EMPRESARIALES","No","No","No","Aveces","A veces","CASA","Celular","Limitada"
"4/16/2020 15:32:02","Hombre","24","FACULTAD DE INGENIERIA","No","Sí","No","Aveces","A veces","CASA","Computadora","Ilimitada"
"4/16/2020 17:05:22","Mujer","18","FACULTAD DE CIENCIAS JURÍDICAS Y EMPRESARIALES","No","No","No","Aveces","A veces","CABINA DE INTERNET","",""
"4/16/2020 17:41:46","Mujer","20","FACULTAD DE CIENCIAS AGROPECUARIAS","No","No","No","Aveces","A veces","CABINA DE INTERNET","",""
"4/16/2020 20:30:13","Mujer","20","FACULTAD DE CIENCIAS JURÍDICAS Y EMPRESARIALES","Sí","No","No","Aveces","A veces","CASA","Computadora","Ilimitada"
"4/17/2020 11:12:54","Hombre","20","FACULTAD DE CIENCIAS JURÍDICAS Y EMPRESARIALES","No","No","No","Aveces","A veces","CASA","Laptop","Ilimitada"
"4/17/2020 11:26:50","Mujer","19","FACULTAD DE CIENCIAS JURÍDICAS Y EMPRESARIALES","No","No","No","Casi Nunca","A veces","CABINA DE INTERNET","",""
"4/17/2020 11:34:08","Hombre","25","FACULTAD DE CIENCIAS JURÍDICAS Y EMPRESARIALES","No","No","No","Casi Nunca","Casi nunca","CABINA DE INTERNET","",""
"4/17/2020 11:35:51","Hombre","21","FACULTAD DE CIENCIAS JURÍDICAS Y EMPRESARIALES","No","No","No","Aveces","Casi nunca","CASA","Computadora","Limitada"
"4/17/2020 11:59:29","Mujer","21","FACULTAD DE CIENCIAS JURÍDICAS Y EMPRESARIALES","No","No","No","Casi Nunca","A veces","CASA","Celular","Limitada"
"4/17/2020 12:16:03","Mujer","18","FACULTAD DE CIENCIAS JURÍDICAS Y EMPRESARIALES","No","No","No","Aveces","Casi nunca","CASA","Laptop","Ilimitada"
"4/17/2020 12:23:40","Mujer","18","FACULTAD DE CIENCIAS JURÍDICAS Y EMPRESARIALES","No","No","No","Casi Nunca","A veces","CASA","Laptop","Limitada"
"4/17/2020 13:29:01","Hombre","18","FACULTAD DE CIENCIAS AGROPECUARIAS","Sí","No","No","Aveces","A veces","CABINA DE INTERNET","",""
"4/17/2020 13:29:39","Hombre","19","FACULTAD DE INGENIERIA","No","No","No","Aveces","A veces","CASA","Laptop","Limitada"
"4/17/2020 22:06:47","Mujer","19","FACULTAD DE CIENCIAS JURÍDICAS Y EMPRESARIALES","Sí","No","No","Aveces","A veces","WIFI_UNJBG","",""
"4/18/2020 13:28:29","Hombre","22","FACULTAD DE CIENCIAS AGROPECUARIAS","No","No","No","Aveces","A veces","WIFI_UNJBG","",""
"4/18/2020 17:51:47","Hombre","19","FACULTAD DE CIENCIAS JURÍDICAS Y EMPRESARIALES","Sí","Sí","Sí","Casi Siempre","Casi siempre","CASA","Celular","Ilimitada"
"4/21/2020 20:08:39","Mujer","20","FACULTAD DE CIENCIAS DE LA SALUD","No","No","No","Casi Nunca","Nunca","WIFI_UNJBG","",""
"4/24/2020 20:44:30","Mujer","23","FACULTAD DE CIENCIAS AGROPECUARIAS","No","Sí","No","Aveces","A veces","CABINA DE INTERNET","",""
"4/29/2020 14:49:11","Mujer","23","FACULTAD DE CIENCIAS AGROPECUARIAS","Sí","No","No","Aveces","A veces","CASA","Computadora","Ilimitada"
"5/16/2020 20:57:29","Mujer","18","FACULTAD DE CIENCIAS AGROPECUARIAS","Sí","No","Sí","Aveces","A veces","WIFI_UNJBG","",""
"5/16/2020 20:59:54","Mujer","20","FACULTAD DE CIENCIAS AGROPECUARIAS","No","Sí","No","Casi Nunca","A veces","CASA","Laptop","Limitada"
"5/16/2020 21:00:28","Hombre","20","FACULTAD DE CIENCIAS AGROPECUARIAS","No","No","No","Casi Nunca","A veces","CASA","Celular","Limitada"
"5/16/2020 21:00:45","Hombre","27","FACULTAD DE CIENCIAS AGROPECUARIAS","No","No","No","Casi Nunca","Casi nunca","CASA","Celular","Limitada"
"5/16/2020 21:00:48","Mujer","18","FACULTAD DE CIENCIAS AGROPECUARIAS","No","No","No","Casi Nunca","A veces","CASA","Laptop","Limitada"
"5/16/2020 21:00:55","Hombre","19","FACULTAD DE CIENCIAS AGROPECUARIAS","No","No","No","Casi Nunca","Casi nunca","CASA","Celular","Limitada"
"5/16/2020 21:01:01","Mujer","23","FACULTAD DE CIENCIAS AGROPECUARIAS","No","No","No","Casi Nunca","Casi nunca","WIFI_UNJBG","",""
"5/16/2020 21:01:21","Hombre","20","FACULTAD DE CIENCIAS AGROPECUARIAS","No","No","No","Casi Nunca","Casi nunca","CASA","Celular","Ilimitada"
"5/16/2020 21:01:40","Mujer","22","FACULTAD DE CIENCIAS AGROPECUARIAS","Sí","No","No","Aveces","A veces","CABINA DE INTERNET","",""
"5/16/2020 21:02:29","Mujer","19","FACULTAD DE CIENCIAS AGROPECUARIAS","Sí","No","No","Aveces","Casi siempre","CASA","Celular","Limitada"
"5/16/2020 21:03:20","Mujer","19","FACULTAD DE CIENCIAS AGROPECUARIAS","No","No","No","Aveces","Casi nunca","CASA","Celular","Ilimitada"
"5/16/2020 21:03:44","Mujer","24","FACULTAD DE CIENCIAS AGROPECUARIAS","No","No","No","Aveces","Casi nunca","CASA","Celular","Limitada"
"5/16/2020 21:03:45","Hombre","20","FACULTAD DE CIENCIAS AGROPECUARIAS","Sí","No","No","Aveces","A veces","CASA","Celular","Limitada"
"5/16/2020 21:04:02","Hombre","22","FACULTAD DE CIENCIAS DE LA SALUD","No","No","No","Casi Nunca","Casi nunca","CABINA DE INTERNET","",""
"5/16/2020 21:04:26","Mujer","20","FACULTAD DE CIENCIAS AGROPECUARIAS","No","No","No","Aveces","A veces","WIFI_UNJBG","",""
"5/16/2020 21:04:43","Mujer","25","FACULTAD DE CIENCIAS AGROPECUARIAS","No","No","No","Casi Nunca","Casi siempre","CABINA DE INTERNET","",""
"5/16/2020 21:05:28","Mujer","23","FACULTAD DE CIENCIAS AGROPECUARIAS","No","Sí","Sí","Aveces","Siempre","CABINA DE INTERNET","",""
"5/16/2020 21:05:51","Mujer","22","FACULTAD DE CIENCIAS AGROPECUARIAS","No","No","Sí","Aveces","Casi nunca","CABINA DE INTERNET","",""
"5/16/2020 21:06:10","Mujer","20","FACULTAD DE CIENCIAS AGROPECUARIAS","No","No","No","Aveces","A veces","CASA","Computadora","Ilimitada"
"5/16/2020 21:06:31","Mujer","19","FACULTAD DE CIENCIAS AGROPECUARIAS","No","No","No","Casi Nunca","Nunca","CASA","Celular","Limitada"
"5/16/2020 21:07:08","Mujer","18","FACULTAD DE CIENCIAS AGROPECUARIAS","No","No","No","Casi Nunca","A veces","CASA","Celular","Limitada"
"5/16/2020 21:07:42","Mujer","27","FACULTAD DE CIENCIAS AGROPECUARIAS","No","No","No","Casi Nunca","Casi nunca","CASA","Celular","Limitada"
"5/16/2020 21:07:51","Mujer","15","FACULTAD DE CIENCIAS AGROPECUARIAS","Sí","Sí","No","Aveces","A veces","CASA","Computadora","Ilimitada"
"5/16/2020 21:08:25","Mujer","25","FACULTAD DE EDUCACION, COMUNICACION Y HUMANIDADES","No","No","No","Casi Nunca","Casi nunca","CABINA DE INTERNET","",""
"5/16/2020 21:08:33","Mujer","25","FACULTAD DE CIENCIAS AGROPECUARIAS","No","Sí","No","Aveces","A veces","CASA","Celular","Limitada"
"5/16/2020 21:09:00","Hombre","24","FACULTAD DE CIENCIAS AGROPECUARIAS","No","No","No","Casi Nunca","Casi nunca","CASA","Casi nunca","Limitada"
"5/16/2020 21:09:16","Hombre","21","FACULTAD DE CIENCIAS AGROPECUARIAS","No","No","No","Casi Nunca","Casi nunca","CASA","Computadora","Limitada"
"5/16/2020 21:09:41","Mujer","19","FACULTAD DE CIENCIAS AGROPECUARIAS","No","Sí","No","Casi Nunca","Casi nunca","WIFI_UNJBG","",""
"5/16/2020 21:10:05","Mujer","21","FACULTAD DE CIENCIAS AGROPECUARIAS","No","Sí","Sí","Aveces","A veces","CABINA DE INTERNET","",""
"5/16/2020 21:10:56","Mujer","18","FACULTAD DE CIENCIAS AGROPECUARIAS","No","No","No","Aveces","A veces","CASA","Celular","Limitada"
"5/16/2020 21:11:17","Mujer","23","FACULTAD DE CIENCIAS AGROPECUARIAS","No","No","No","Aveces","A veces","CASA","Laptop","Ilimitada"
"5/16/2020 21:13:03","Mujer","18","FACULTAD DE CIENCIAS AGROPECUARIAS","Sí","Sí","No","Casi Nunca","A veces","CASA","Laptop","Ilimitada"
"5/16/2020 21:13:08","Hombre","22","FACULTAD DE CIENCIAS AGROPECUARIAS","Sí","No","No","Aveces","Casi nunca","CASA","Celular","Ilimitada"
"5/16/2020 21:14:08","Hombre","20","FACULTAD DE CIENCIAS AGROPECUARIAS","No","No","No","Aveces","A veces","CABINA DE INTERNET","",""
"5/16/2020 21:15:31","Hombre","20","FACULTAD DE CIENCIAS AGROPECUARIAS","No","Sí","No","Aveces","Casi siempre","CABINA DE INTERNET","",""
"5/16/2020 21:22:09","Mujer","20","FACULTAD DE CIENCIAS AGROPECUARIAS","Sí","No","Sí","Casi Siempre","A veces","CASA","Laptop","Ilimitada"
"5/16/2020 21:22:17","Mujer","18","FACULTAD DE CIENCIAS AGROPECUARIAS","No","No","No","Casi Nunca","A veces","CASA","Celular","Limitada"
"5/16/2020 21:30:15","Mujer","21","FACULTAD DE CIENCIAS AGROPECUARIAS","Sí","No","No","Aveces","A veces","CASA","Celular","Limitada"
"5/16/2020 21:35:08","Hombre","21","FACULTAD DE CIENCIAS AGROPECUARIAS","No","Sí","No","Casi Siempre","A veces","CABINA DE INTERNET","",""
"5/16/2020 21:36:59","Mujer","19","FACULTAD DE CIENCIAS AGROPECUARIAS","No","No","No","Aveces","A veces","CASA","Computadora","Ilimitada"
"5/16/2020 21:37:01","Mujer","21","FACULTAD DE CIENCIAS AGROPECUARIAS","Sí","Sí","Sí","Aveces","Casi siempre","CASA","Celular","Ilimitada"
"5/16/2020 21:37:11","Hombre","31","FACULTAD DE CIENCIAS AGROPECUARIAS","No","Sí","Sí","Aveces","A veces","CASA","Computadora","Ilimitada"
"5/16/2020 21:38:12","Hombre","22","FACULTAD DE CIENCIAS AGROPECUARIAS","No","No","No","Casi Nunca","Casi nunca","CASA","Celular","Limitada"
"5/16/2020 21:39:07","Mujer","19","FACULTAD DE CIENCIAS AGROPECUARIAS","No","No","No","Casi Nunca","Nunca","CABINA DE INTERNET","",""
"5/16/2020 21:40:08","Mujer","20","FACULTAD DE CIENCIAS AGROPECUARIAS","No","Sí","No","Aveces","Casi siempre","WIFI_UNJBG","",""
"5/16/2020 21:41:54","Mujer","18","FACULTAD DE CIENCIAS AGROPECUARIAS","No","No","No","Casi Nunca","Casi nunca","CASA","Celular","Ilimitada"
"5/16/2020 21:43:34","Hombre","19","FACULTAD DE CIENCIAS AGROPECUARIAS","No","No","No","Aveces","A veces","CABINA DE INTERNET","",""
"5/16/2020 21:43:45","Hombre","17","FACULTAD DE CIENCIAS AGROPECUARIAS","No","No","No","Casi Nunca","A veces","CASA","Computadora","Limitada"
"5/16/2020 21:44:25","Mujer","22","FACULTAD DE CIENCIAS AGROPECUARIAS","No","No","No","Casi Nunca","Casi nunca","CASA","Laptop","Limitada"
"5/16/2020 21:45:27","Hombre","21","FACULTAD DE CIENCIAS AGROPECUARIAS","No","No","No","Aveces","A veces","CASA","Celular","Limitada"
"5/16/2020 21:46:14","Mujer","26","FACULTAD DE CIENCIAS AGROPECUARIAS","No","No","No","Casi Nunca","Casi nunca","WIFI_UNJBG","",""
"5/16/2020 21:46:14","Mujer","20","FACULTAD DE CIENCIAS AGROPECUARIAS","No","No","Sí","Aveces","A veces","CASA","Celular","Limitada"
"5/16/2020 21:47:41","Mujer","19","FACULTAD DE CIENCIAS AGROPECUARIAS","No","No","No","Aveces","A veces","CASA","Laptop","Limitada"
"5/16/2020 21:48:01","Mujer","22","FACULTAD DE CIENCIAS AGROPECUARIAS","Sí","No","Sí","Casi Siempre","A veces","CASA","Laptop","Ilimitada"
"5/16/2020 21:51:16","Hombre","15","FACULTAD DE CIENCIAS AGROPECUARIAS","Sí","Sí","No","Casi Nunca","A veces","CASA","Celular","Limitada"
"5/16/2020 21:53:32","Mujer","18","FACULTAD DE CIENCIAS AGROPECUARIAS","Sí","Sí","Sí","Casi Nunca","Casi nunca","CASA","Laptop","Ilimitada"
"5/16/2020 21:54:50","Mujer","22","FACULTAD DE CIENCIAS AGROPECUARIAS","Sí","No","Sí","Aveces","A veces","CASA","Computadora","Limitada"
"5/16/2020 21:57:02","Hombre","20","FACULTAD DE CIENCIAS AGROPECUARIAS","Sí","No","Sí","Casi Nunca","A veces","CASA","Computadora","Ilimitada"
"5/16/2020 21:58:26","Mujer","22","FACULTAD DE CIENCIAS AGROPECUARIAS","No","No","Sí","Casi Nunca","Nunca","CABINA DE INTERNET","",""
"5/16/2020 21:58:31","Hombre","24","FACULTAD DE CIENCIAS AGROPECUARIAS","No","Sí","No","Aveces","A veces","CASA","Laptop","Ilimitada"
"5/16/2020 21:59:51","Mujer","20","FACULTAD DE CIENCIAS AGROPECUARIAS","Sí","No","No","Aveces","A veces","CASA","Laptop","Ilimitada"
"5/16/2020 22:02:15","Mujer","30","FACULTAD DE CIENCIAS AGROPECUARIAS","No","Sí","Sí","Aveces","Casi siempre","CASA","Computadora","Ilimitada"
"5/16/2020 22:03:13","Hombre","18","FACULTAD DE CIENCIAS","No","No","Sí","Aveces","Nunca","CASA","Celular","Ilimitada"
"5/16/2020 22:03:20","Hombre","20","FACULTAD DE CIENCIAS AGROPECUARIAS","No","Sí","No","Aveces","Casi nunca","CASA","Celular","Limitada"
"5/16/2020 22:07:24","Hombre","19","FACULTAD DE CIENCIAS AGROPECUARIAS","No","No","No","Casi Nunca","Casi nunca","WIFI_UNJBG","",""
"5/16/2020 22:14:58","Mujer","19","FACULTAD DE CIENCIAS AGROPECUARIAS","No","No","No","Casi Nunca","Nunca","CASA","Computadora","Limitada"
"5/16/2020 22:16:24","Mujer","21","FACULTAD DE CIENCIAS AGROPECUARIAS","No","No","No","Aveces","A veces","CABINA DE INTERNET","",""
"5/16/2020 22:20:11","Mujer","21","FACULTAD DE INGENIERÍA CIVIL, ARQUITECTURA Y GEOTECNIA","No","No","No","Aveces","Casi nunca","CASA","Celular","Ilimitada"
"5/16/2020 22:24:19","Mujer","20","FACULTAD DE CIENCIAS AGROPECUARIAS","Sí","Sí","No","Aveces","Casi nunca","CASA","Celular","Limitada"
"5/16/2020 22:32:18","Hombre","21","FACULTAD DE CIENCIAS AGROPECUARIAS","No","No","No","Aveces","A veces","CABINA DE INTERNET","",""
"5/16/2020 22:34:13","Hombre","22","FACULTAD DE CIENCIAS AGROPECUARIAS","No","Sí","Sí","Aveces","A veces","WIFI_UNJBG","",""
"5/16/2020 22:34:16","Hombre","20","FACULTAD DE INGENIERIA","No","No","No","Casi Nunca","A veces","CASA","Celular","Limitada"
"5/16/2020 22:34:20","Mujer","19","FACULTAD DE CIENCIAS DE LA SALUD","No","No","No","Aveces","Nunca","CASA","Celular","Limitada"
"5/16/2020 22:34:54","Mujer","19","FACULTAD DE CIENCIAS AGROPECUARIAS","Sí","No","Sí","Casi Nunca","A veces","CASA","Celular","Ilimitada"
"5/16/2020 22:36:24","Hombre","20","FACULTAD DE CIENCIAS AGROPECUARIAS","No","No","No","Aveces","Nunca","WIFI_UNJBG","",""
"5/16/2020 22:37:59","Hombre","19","FACULTAD DE CIENCIAS DE LA SALUD","No","No","No","Casi Nunca","Casi nunca","CABINA DE INTERNET","",""
"5/16/2020 22:40:36","Mujer","18","FACULTAD DE CIENCIAS DE LA SALUD","No","No","Sí","Aveces","A veces","CASA","Celular","Ilimitada"
"5/16/2020 22:41:05","Hombre","23","FACULTAD DE CIENCIAS AGROPECUARIAS","No","Sí","Sí","Casi Siempre","A veces","CASA","Celular","Limitada"
"5/16/2020 22:48:24","Mujer","18","FACULTAD DE CIENCIAS DE LA SALUD","No","No","No","Casi Nunca","Casi siempre","CASA","Computadora","Ilimitada"
"5/16/2020 22:49:00","Mujer","18","FACULTAD DE CIENCIAS DE LA SALUD","No","No","No","Aveces","Casi siempre","CASA","Celular","Ilimitada"
"5/16/2020 22:49:53","Mujer","18","FACULTAD DE CIENCIAS DE LA SALUD","No","No","No","Casi Nunca","Nunca","CASA","Celular","Limitada"
"5/16/2020 22:52:28","Hombre","19","FACULTAD DE CIENCIAS AGROPECUARIAS","No","No","No","Aveces","Casi siempre","CASA","Computadora","Ilimitada"
"5/16/2020 22:54:57","Mujer","19","FACULTAD DE CIENCIAS DE LA SALUD","No","No","No","Casi Nunca","Casi nunca","CASA","Celular","Limitada"
"5/16/2020 22:55:17","Mujer","18","FACULTAD DE CIENCIAS DE LA SALUD","No","No","No","Casi Nunca","A veces","CASA","Computadora","Ilimitada"
"5/16/2020 22:55:46","Mujer","20","FACULTAD DE CIENCIAS DE LA SALUD","No","No","No","Casi Nunca","Casi nunca","CASA","Celular","Ilimitada"
"5/16/2020 22:55:55","Mujer","18","FACULTAD DE CIENCIAS DE LA SALUD","No","No","No","Aveces","Siempre","CASA","Celular","Limitada"
"5/16/2020 22:58:39","Mujer","18","FACULTAD DE EDUCACION, COMUNICACION Y HUMANIDADES","No","No","No","Casi Nunca","Casi nunca","CASA","Celular","Limitada"
"5/16/2020 23:01:30","Mujer","18","FACULTAD DE CIENCIAS DE LA SALUD","No","Sí","No","Casi Nunca","A veces","CABINA DE INTERNET","",""
"5/16/2020 23:01:55","Mujer","24","FACULTAD DE CIENCIAS AGROPECUARIAS","No","No","No","Aveces","Casi nunca","CASA","Celular","Limitada"
"5/16/2020 23:10:59","Mujer","20","FACULTAD DE CIENCIAS DE LA SALUD","No","Sí","Sí","Aveces","A veces","CASA","Celular","Limitada"
"5/16/2020 23:14:07","Mujer","25","FACULTAD DE CIENCIAS AGROPECUARIAS","No","No","No","Casi Nunca","A veces","WIFI_UNJBG","",""
"5/16/2020 23:14:53","Hombre","19","FACULTAD DE CIENCIAS AGROPECUARIAS","No","No","No","Aveces","Casi nunca","CASA","Celular","Limitada"
"5/16/2020 23:24:18","Mujer","24","FACULTAD DE CIENCIAS DE LA SALUD","No","Sí","No","Aveces","A veces","CASA","Celular","Limitada"
"5/16/2020 23:28:07","Mujer","18","FACULTAD DE CIENCIAS DE LA SALUD","No","No","No","Aveces","Casi nunca","CASA","Celular","Limitada"
"5/16/2020 23:31:04","Mujer","24","FACULTAD DE CIENCIAS AGROPECUARIAS","No","No","No","Aveces","Siempre","CASA","Computadora","Ilimitada"
"5/16/2020 23:32:24","Mujer","18","FACULTAD DE CIENCIAS DE LA SALUD","No","No","No","Casi Nunca","Nunca","CABINA DE INTERNET","",""
"5/16/2020 23:40:34","Mujer","18","FACULTAD DE CIENCIAS DE LA SALUD","Sí","Sí","Sí","Casi Nunca","Casi nunca","CASA","Computadora","Ilimitada"
"5/16/2020 23:42:18","Hombre","21","FACULTAD DE CIENCIAS DE LA SALUD","No","No","No","Casi Nunca","A veces","CASA","Laptop","Ilimitada"
"5/16/2020 23:53:44","Mujer","19","FACULTAD DE CIENCIAS DE LA SALUD","No","Sí","No","Casi Nunca","A veces","CASA","Laptop","Ilimitada"
"5/16/2020 23:54:22","Mujer","20","FACULTAD DE CIENCIAS DE LA SALUD","No","No","No","Casi Nunca","Casi nunca","WIFI_UNJBG","",""
"5/17/2020 0:15:51","Mujer","18","FACULTAD DE CIENCIAS DE LA SALUD","Sí","No","Sí","Aveces","A veces","CASA","Celular","Ilimitada"
"5/17/2020 0:31:48","Hombre","28","FACULTAD DE CIENCIAS AGROPECUARIAS","Sí","Sí","No","Aveces","A veces","WIFI_UNJBG","",""
"5/17/2020 0:57:40","Hombre","20","FACULTAD DE CIENCIAS AGROPECUARIAS","Sí","No","No","Aveces","A veces","WIFI_UNJBG","",""
"5/17/2020 2:20:21","Mujer","20","FACULTAD DE CIENCIAS AGROPECUARIAS","No","Sí","No","Aveces","Casi nunca","CASA","Celular","Limitada"
"5/17/2020 5:45:54","Hombre","19","FACULTAD DE CIENCIAS AGROPECUARIAS","No","No","No","Aveces","Casi nunca","CASA","Celular","Limitada"
"5/17/2020 6:17:09","Mujer","25","FACULTAD DE CIENCIAS DE LA SALUD","No","No","No","Casi Nunca","A veces","CABINA DE INTERNET","",""
"5/17/2020 8:16:46","Mujer","20","FACULTAD DE CIENCIAS DE LA SALUD","No","No","No","Aveces","A veces","CASA","Celular","Limitada"
"5/17/2020 8:29:26","Mujer","19","FACULTAD DE CIENCIAS DE LA SALUD","No","No","No","Casi Nunca","Casi siempre","CABINA DE INTERNET","",""
"5/17/2020 8:42:00","Hombre","23","FACULTAD DE CIENCIAS AGROPECUARIAS","Sí","Sí","Sí","Aveces","A veces","CASA","Celular","Ilimitada"
"5/17/2020 8:49:55","Mujer","21","FACULTAD DE CIENCIAS AGROPECUARIAS","Sí","No","No","Aveces","A veces","CABINA DE INTERNET","",""
"5/17/2020 9:26:31","Hombre","18","FACULTAD DE CIENCIAS AGROPECUARIAS","No","No","No","Aveces","A veces","WIFI_UNJBG","",""
"5/17/2020 9:39:19","Hombre","24","FACULTAD DE CIENCIAS AGROPECUARIAS","No","No","Sí","Aveces","Casi nunca","CASA","Celular","Limitada"
"5/17/2020 9:43:42","Mujer","18","FACULTAD DE CIENCIAS DE LA SALUD","No","Sí","No","Aveces","A veces","CABINA DE INTERNET","",""
"5/17/2020 10:27:23","Mujer","19","FACULTAD DE CIENCIAS AGROPECUARIAS","Sí","Sí","Sí","Aveces","Casi siempre","CASA","Computadora","Limitada"
"5/17/2020 10:38:11","Mujer","20","FACULTAD DE CIENCIAS DE LA SALUD","No","Sí","Sí","Aveces","Casi nunca","CASA","Laptop","Ilimitada"
"5/17/2020 10:38:35","Mujer","26","FACULTAD DE CIENCIAS AGROPECUARIAS","No","Sí","Sí","Aveces","A veces","WIFI_UNJBG","",""
"5/17/2020 10:38:53","Mujer","19","FACULTAD DE CIENCIAS AGROPECUARIAS","No","No","No","Casi Nunca","A veces","CABINA DE INTERNET","",""
"5/17/2020 10:49:29","Mujer","18","FACULTAD DE CIENCIAS AGROPECUARIAS","No","No","No","Casi Nunca","A veces","WIFI_UNJBG","",""
"5/17/2020 10:52:59","Hombre","20","FACULTAD DE CIENCIAS AGROPECUARIAS","No","Sí","Sí","Casi Nunca","A veces","CASA","Computadora","Limitada"
"5/17/2020 10:57:19","Mujer","19","FACULTAD DE CIENCIAS AGROPECUARIAS","No","No","No","Aveces","A veces","CASA","Celular","Limitada"
"5/17/2020 11:08:11","Hombre","22","FACULTAD DE CIENCIAS AGROPECUARIAS","No","No","No","Casi Nunca","Nunca","CABINA DE INTERNET","",""
"5/17/2020 11:32:40","Hombre","19","FACULTAD DE CIENCIAS AGROPECUARIAS","Sí","Sí","No","Casi Nunca","A veces","CABINA DE INTERNET","",""
"5/17/2020 11:38:35","Mujer","18","FACULTAD DE CIENCIAS AGROPECUARIAS","Sí","No","No","Casi Nunca","Casi nunca","CASA","Laptop","Ilimitada"
"5/17/2020 11:45:42","Mujer","21","FACULTAD DE CIENCIAS AGROPECUARIAS","No","Sí","Sí","Casi Nunca","Nunca","CASA","Computadora","Limitada"
"5/17/2020 12:18:34","Mujer","28","FACULTAD DE CIENCIAS DE LA SALUD","No","No","No","Casi Nunca","Nunca","CASA","Laptop","Limitada"
"5/17/2020 12:23:35","Mujer","18","FACULTAD DE CIENCIAS DE LA SALUD","Sí","Sí","Sí","Aveces","Casi nunca","CASA","Laptop","Limitada"
"5/17/2020 12:56:39","Mujer","18","FACULTAD DE CIENCIAS AGROPECUARIAS","No","No","No","Casi Nunca","A veces","CASA","Celular","Limitada"
"5/17/2020 13:06:02","Hombre","19","FACULTAD DE CIENCIAS AGROPECUARIAS","No","No","No","Aveces","Casi nunca","CABINA DE INTERNET","",""
"5/17/2020 13:40:44","Mujer","19","FACULTAD DE CIENCIAS AGROPECUARIAS","No","No","No","Aveces","Casi nunca","WIFI_UNJBG","",""
"5/17/2020 13:45:04","Mujer","18","FACULTAD DE CIENCIAS AGROPECUARIAS","Sí","Sí","No","Aveces","A veces","CASA","Laptop","Ilimitada"
"5/17/2020 14:16:42","Mujer","23","FACULTAD DE CIENCIAS AGROPECUARIAS","No","No","No","Aveces","A veces","CABINA DE INTERNET","",""
"5/17/2020 14:19:51","Mujer","19","FACULTAD DE CIENCIAS AGROPECUARIAS","No","No","No","Casi Nunca","A veces","CASA","Celular","Limitada"
"5/17/2020 14:44:12","Mujer","20","FACULTAD DE CIENCIAS AGROPECUARIAS","No","No","No","Aveces","A veces","CASA","Laptop","Ilimitada"
"5/17/2020 14:52:23","Hombre","23","FACULTAD DE CIENCIAS AGROPECUARIAS","No","No","No","Casi Nunca","Casi nunca","CABINA DE INTERNET","",""
"5/17/2020 15:21:38","Hombre","26","FACULTAD DE CIENCIAS AGROPECUARIAS","No","No","No","Aveces","Casi nunca","CABINA DE INTERNET","",""
"5/17/2020 15:34:40","Mujer","19","FACULTAD DE CIENCIAS AGROPECUARIAS","No","Sí","Sí","Casi Nunca","Casi nunca","CASA","Computadora","Limitada"
"5/17/2020 16:22:05","Mujer","19","FACULTAD DE CIENCIAS AGROPECUARIAS","No","Sí","No","Aveces","Casi siempre","CASA","Computadora","Ilimitada"
"5/17/2020 16:38:53","Mujer","20","FACULTAD DE CIENCIAS AGROPECUARIAS","No","No","No","Aveces","A veces","CABINA DE INTERNET","",""
"5/17/2020 17:16:53","Hombre","19","FACULTAD DE CIENCIAS AGROPECUARIAS","No","No","No","Aveces","Casi siempre","CASA","Celular","Ilimitada"
"5/17/2020 17:30:07","Mujer","20","FACULTAD DE CIENCIAS AGROPECUARIAS","No","No","No","Aveces","A veces","CABINA DE INTERNET","",""
"5/17/2020 17:33:44","Mujer","26","FACULTAD DE CIENCIAS AGROPECUARIAS","No","No","No","Casi Nunca","A veces","WIFI_UNJBG","",""
"5/17/2020 17:34:21","Hombre","27","FACULTAD DE CIENCIAS AGROPECUARIAS","No","No","No","Casi Nunca","A veces","CASA","Celular","Limitada"
"5/17/2020 17:35:16","Mujer","20","FACULTAD DE CIENCIAS AGROPECUARIAS","Sí","No","No","Casi Nunca","A veces","CABINA DE INTERNET","",""
"5/17/2020 17:35:29","Mujer","22","FACULTAD DE CIENCIAS AGROPECUARIAS","No","No","No","Casi Nunca","Nunca","CASA","Laptop","Limitada"
"5/17/2020 17:40:50","Hombre","23","FACULTAD DE CIENCIAS AGROPECUARIAS","No","Sí","Sí","Aveces","Casi nunca","CASA","Computadora","Ilimitada"
"5/17/2020 17:57:16","Hombre","22","FACULTAD DE CIENCIAS AGROPECUARIAS","No","Sí","No","Casi Nunca","A veces","CASA","Celular","Limitada"
"5/17/2020 18:24:49","Mujer","24","FACULTAD DE CIENCIAS AGROPECUARIAS","No","Sí","No","Aveces","A veces","WIFI_UNJBG","",""
"5/17/2020 18:30:45","Mujer","21","FACULTAD DE CIENCIAS AGROPECUARIAS","No","No","No","Casi Nunca","A veces","CASA","Celular","Ilimitada"
"5/17/2020 18:38:02","Mujer","20","FACULTAD DE CIENCIAS AGROPECUARIAS","Sí","No","No","Casi Nunca","Casi nunca","CASA","Computadora","Ilimitada"
"5/17/2020 18:48:48","Mujer","21","FACULTAD DE CIENCIAS DE LA SALUD","No","No","No","Aveces","Casi nunca","CASA","Computadora","Limitada"
"5/17/2020 18:55:33","Hombre","26","FACULTAD DE CIENCIAS AGROPECUARIAS","No","Sí","No","Aveces","A veces","CASA","Celular","Limitada"
"5/17/2020 19:09:05","Mujer","20","FACULTAD DE INGENIERIA","No","No","No","Casi Nunca","Casi nunca","CASA","Laptop","Limitada"
"5/17/2020 19:47:36","Hombre","27","FACULTAD DE CIENCIAS AGROPECUARIAS","No","No","No","Casi Nunca","Nunca","WIFI_UNJBG","",""
"5/17/2020 19:56:47","Mujer","20","FACULTAD DE CIENCIAS AGROPECUARIAS","No","No","No","Aveces","A veces","WIFI_UNJBG","",""
"5/17/2020 20:08:25","Mujer","20","FACULTAD DE CIENCIAS DE LA SALUD","No","No","No","Casi Nunca","Nunca","CABINA DE INTERNET","",""
"5/17/2020 20:11:33","Mujer","22","FACULTAD DE CIENCIAS AGROPECUARIAS","Sí","No","No","Aveces","A veces","CASA","Celular","Limitada"
"5/17/2020 20:57:55","Mujer","21","FACULTAD DE CIENCIAS AGROPECUARIAS","Sí","No","No","Casi Nunca","Casi nunca","WIFI_UNJBG","",""
"5/17/2020 21:02:48","Hombre","20","FACULTAD DE CIENCIAS AGROPECUARIAS","No","No","No","Aveces","A veces","CASA","Celular","Limitada"
"5/17/2020 21:09:22","Mujer","21","FACULTAD DE CIENCIAS AGROPECUARIAS","Sí","No","No","Casi Nunca","Casi nunca","WIFI_UNJBG","",""
"5/17/2020 21:09:56","Mujer","22","FACULTAD DE CIENCIAS AGROPECUARIAS","No","No","No","Casi Nunca","Casi nunca","CABINA DE INTERNET","",""
"5/17/2020 21:12:23","Hombre","21","FACULTAD DE CIENCIAS AGROPECUARIAS","Sí","No","Sí","Aveces","A veces","CABINA DE INTERNET","",""
"5/17/2020 21:28:46","Mujer","20","FACULTAD DE CIENCIAS AGROPECUARIAS","No","Sí","No","Aveces","A veces","CASA","Celular","Limitada"
"5/17/2020 21:34:28","Mujer","20","FACULTAD DE CIENCIAS AGROPECUARIAS","No","Sí","No","Aveces","Siempre","CASA","Celular","Ilimitada"
"5/17/2020 21:37:17","Hombre","20","FACULTAD DE EDUCACION, COMUNICACION Y HUMANIDADES","No","Sí","No","Aveces","Casi nunca","CASA","Celular","Ilimitada"
"5/17/2020 21:38:54","Hombre","22","FACULTAD DE CIENCIAS AGROPECUARIAS","No","No","No","Casi Nunca","Casi nunca","CABINA DE INTERNET","",""
"5/17/2020 21:44:45","Hombre","20","FACULTAD DE CIENCIAS AGROPECUARIAS","No","No","No","Casi Nunca","Casi nunca","CASA","Computadora","Limitada"
"5/17/2020 21:48:14","Hombre","22","FACULTAD DE CIENCIAS AGROPECUARIAS","No","Sí","No","Aveces","A veces","CABINA DE INTERNET","",""
"5/17/2020 22:06:48","Hombre","20","FACULTAD DE CIENCIAS AGROPECUARIAS","No","No","No","Casi Nunca","Casi nunca","CABINA DE INTERNET","",""
"5/17/2020 22:10:29","Mujer","20","FACULTAD DE CIENCIAS AGROPECUARIAS","No","No","No","Casi Nunca","Casi nunca","WIFI_UNJBG","",""
"5/17/2020 22:19:01","Hombre","18","FACULTAD DE CIENCIAS AGROPECUARIAS","No","Sí","Sí","Aveces","A veces","CASA","Celular","Ilimitada"
"5/17/2020 22:23:11","Mujer","20","FACULTAD DE CIENCIAS AGROPECUARIAS","No","No","No","Aveces","A veces","CASA","Celular","Limitada"
"5/17/2020 22:23:17","Mujer","20","FACULTAD DE CIENCIAS AGROPECUARIAS","No","Sí","No","Aveces","A veces","CASA","Celular","Limitada"
"5/17/2020 22:25:47","Mujer","20","FACULTAD DE CIENCIAS DE LA SALUD","No","No","No","Casi Nunca","Nunca","CASA","Laptop","Ilimitada"
"5/17/2020 22:27:24","Mujer","21","FACULTAD DE CIENCIAS DE LA SALUD","Sí","No","No","Casi Nunca","A veces","WIFI_UNJBG","",""
"5/17/2020 22:38:09","Hombre","19","FACULTAD DE CIENCIAS AGROPECUARIAS","No","No","No","Casi Nunca","Casi nunca","CASA","Computadora","Limitada"
"5/17/2020 22:39:01","Hombre","19","FACULTAD DE CIENCIAS AGROPECUARIAS","Sí","Sí","Sí","Aveces","A veces","CASA","Laptop","Ilimitada"
"5/17/2020 22:40:31","Hombre","21","FACULTAD DE EDUCACION, COMUNICACION Y HUMANIDADES","No","No","No","Casi Nunca","Casi nunca","CASA","Laptop","Ilimitada"
"5/17/2020 22:42:18","Mujer","20","FACULTAD DE CIENCIAS AGROPECUARIAS","No","No","No","Casi Nunca","Casi nunca","WIFI_UNJBG","",""
"5/17/2020 22:43:11","Hombre","20","FACULTAD DE INGENIERIA","No","No","No","Aveces","Casi nunca","CABINA DE INTERNET","",""
"5/17/2020 22:56:53","Mujer","22","FACULTAD DE CIENCIAS AGROPECUARIAS","No","Sí","No","Casi Nunca","Casi nunca","CABINA DE INTERNET","",""
"5/17/2020 23:06:32","Mujer","20","FACULTAD DE CIENCIAS AGROPECUARIAS","No","No","No","Aveces","A veces","CABINA DE INTERNET","",""
"5/17/2020 23:08:38","Mujer","21","FACULTAD DE CIENCIAS AGROPECUARIAS","No","No","Sí","Casi Siempre","A veces","WIFI_UNJBG","",""
"5/17/2020 23:14:55","Hombre","21","FACULTAD DE CIENCIAS AGROPECUARIAS","No","No","No","Casi Nunca","A veces","CABINA DE INTERNET","",""
"5/17/2020 23:18:49","Mujer","21","FACULTAD DE CIENCIAS AGROPECUARIAS","No","No","No","Aveces","A veces","CASA","Computadora","Ilimitada"
"5/18/2020 6:30:08","Mujer","23","FACULTAD DE CIENCIAS AGROPECUARIAS","Sí","No","No","Aveces","A veces","CASA","Celular","Limitada"
"5/18/2020 8:08:45","Mujer","20","FACULTAD DE CIENCIAS AGROPECUARIAS","No","Sí","No","Aveces","Casi siempre","CABINA DE INTERNET","",""
"5/18/2020 8:58:23","Hombre","18","FACULTAD DE CIENCIAS DE LA SALUD","No","No","No","Casi Nunca","Casi nunca","CASA","Celular","Limitada"
"5/18/2020 9:00:22","Mujer","18","FACULTAD DE CIENCIAS AGROPECUARIAS","No","No","No","Casi Nunca","A veces","CASA","Laptop","Limitada"
"5/18/2020 9:04:24","Hombre","21","FACULTAD DE CIENCIAS AGROPECUARIAS","Sí","Sí","No","Casi Nunca","A veces","CASA","Computadora","Limitada"
"5/18/2020 9:23:03","Mujer","20","FACULTAD DE CIENCIAS AGROPECUARIAS","Sí","Sí","Sí","Aveces","Casi siempre","CASA","Computadora","Ilimitada"
"5/18/2020 9:40:47","Mujer","21","FACULTAD DE CIENCIAS AGROPECUARIAS","Sí","No","No","Casi Nunca","Casi nunca","CABINA DE INTERNET","",""
"5/18/2020 10:09:30","Mujer","25","FACULTAD DE CIENCIAS AGROPECUARIAS","No","Sí","No","Aveces","A veces","CASA","Computadora","Limitada"
"5/18/2020 10:27:39","Mujer","22","FACULTAD DE CIENCIAS AGROPECUARIAS","Sí","No","Sí","Casi Siempre","Casi siempre","CASA","Laptop","Ilimitada"
"5/18/2020 10:46:07","Mujer","26","FACULTAD DE CIENCIAS AGROPECUARIAS","No","Sí","No","Casi Nunca","A veces","CASA","Laptop","Ilimitada"
"5/18/2020 11:22:51","Mujer","20","FACULTAD DE CIENCIAS AGROPECUARIAS","No","Sí","No","Casi Nunca","Casi siempre","CASA","Celular","Ilimitada"
"5/18/2020 11:25:11","Hombre","23","FACULTAD DE CIENCIAS AGROPECUARIAS","No","No","No","Casi Siempre","Siempre","CASA","Celular","Ilimitada"
"5/18/2020 11:54:31","Mujer","24","FACULTAD DE CIENCIAS AGROPECUARIAS","No","No","No","Aveces","Casi nunca","CABINA DE INTERNET","",""
"5/18/2020 12:15:26","Hombre","23","FACULTAD DE CIENCIAS AGROPECUARIAS","No","No","No","Casi Nunca","Nunca","CABINA DE INTERNET","",""
"5/18/2020 12:30:21","Mujer","23","FACULTAD DE CIENCIAS AGROPECUARIAS","No","No","No","Aveces","A veces","CASA","Computadora","Limitada"
"5/18/2020 13:15:01","Hombre","27","FACULTAD DE CIENCIAS AGROPECUARIAS","No","No","No","Aveces","A veces","CASA","Computadora","Limitada"
"5/18/2020 13:32:40","Mujer","21","FACULTAD DE CIENCIAS AGROPECUARIAS","No","Sí","No","Casi Nunca","Casi nunca","CABINA DE INTERNET","",""
"5/18/2020 13:49:07","Hombre","21","FACULTAD DE CIENCIAS AGROPECUARIAS","No","Sí","No","Aveces","A veces","WIFI_UNJBG","",""
"5/18/2020 14:17:42","Hombre","24","FACULTAD DE CIENCIAS AGROPECUARIAS","No","No","No","Casi Nunca","A veces","WIFI_UNJBG","",""
"5/18/2020 14:27:45","Hombre","20","FACULTAD DE CIENCIAS AGROPECUARIAS","No","No","No","Casi Nunca","Casi nunca","CASA","Celular","Limitada"
"5/18/2020 15:10:51","Mujer","19","FACULTAD DE CIENCIAS DE LA SALUD","Sí","No","No","Aveces","Casi nunca","CASA","Laptop","Ilimitada"
"5/18/2020 15:49:48","Mujer","21","FACULTAD DE CIENCIAS AGROPECUARIAS","No","No","No","Casi Nunca","Casi nunca","CASA","Laptop","Limitada"
"5/18/2020 15:58:23","Mujer","27","FACULTAD DE CIENCIAS AGROPECUARIAS","No","No","No","Aveces","A veces","CASA","Celular","Limitada"
"5/18/2020 18:52:39","Mujer","18","FACULTAD DE CIENCIAS DE LA SALUD","Sí","No","No","Aveces","A veces","CASA","Celular","Ilimitada"
"5/18/2020 19:40:26","Hombre","21","FACULTAD DE CIENCIAS AGROPECUARIAS","No","No","No","Aveces","Casi nunca","WIFI_UNJBG","",""
"5/18/2020 21:37:20","Mujer","19","FACULTAD DE CIENCIAS AGROPECUARIAS","No","No","No","Casi Nunca","A veces","CASA","Celular","Ilimitada"
"5/18/2020 21:50:35","Mujer","19","FACULTAD DE CIENCIAS DE LA SALUD","No","No","Sí","Casi Nunca","A veces","CABINA DE INTERNET","",""
"5/19/2020 8:21:34","Mujer","21","FACULTAD DE CIENCIAS AGROPECUARIAS","No","No","No","Aveces","Casi nunca","WIFI_UNJBG","",""
"5/19/2020 20:16:26","Mujer","20","FACULTAD DE CIENCIAS AGROPECUARIAS","No","No","No","Aveces","A veces","CASA","Laptop","Ilimitada"
"5/19/2020 20:44:58","Hombre","18","FACULTAD DE CIENCIAS AGROPECUARIAS","No","Sí","No","Aveces","A veces","CASA","Computadora","Limitada"
"5/21/2020 11:52:19","Mujer","29","FACULTAD DE CIENCIAS AGROPECUARIAS","No","Sí","No","Casi Nunca","Casi nunca","CABINA DE INTERNET","",""
"5/22/2020 21:31:41","Mujer","21","FACULTAD DE CIENCIAS AGROPECUARIAS","Sí","Sí","No","Aveces","A veces","CABINA DE INTERNET","",""
"5/25/2020 8:01:27","Mujer","29","FACULTAD DE CIENCIAS AGROPECUARIAS","No","Sí","Sí","Aveces","Casi nunca","WIFI_UNJBG","",""
"5/25/2020 13:53:49","Hombre","19","FACULTAD DE CIENCIAS AGROPECUARIAS","Sí","Sí","Sí","Aveces","A veces","CASA","Laptop","Limitada"
"5/25/2020 16:15:16","Mujer","19","FACULTAD DE CIENCIAS AGROPECUARIAS","Sí","No","Sí","Casi Siempre","Casi siempre","CASA","Laptop","Limitada"
"5/27/2020 14:03:51","Hombre","30","FACULTAD DE INGENIERÍA CIVIL, ARQUITECTURA Y GEOTECNIA","Sí","No","No","Casi Siempre","Siempre","CASA","Computadora","Ilimitada"
